-- phpMyAdmin SQL Dump
-- version 4.9.7
-- https://www.phpmyadmin.net/
--
-- Host: localhost:3306
-- Generation Time: Dec 05, 2022 at 10:40 PM
-- Server version: 10.5.17-MariaDB-cll-lve
-- PHP Version: 7.4.30

SET SQL_MODE = "NO_AUTO_VALUE_ON_ZERO";
SET AUTOCOMMIT = 0;
START TRANSACTION;
SET time_zone = "+00:00";


/*!40101 SET @OLD_CHARACTER_SET_CLIENT=@@CHARACTER_SET_CLIENT */;
/*!40101 SET @OLD_CHARACTER_SET_RESULTS=@@CHARACTER_SET_RESULTS */;
/*!40101 SET @OLD_COLLATION_CONNECTION=@@COLLATION_CONNECTION */;
/*!40101 SET NAMES utf8mb4 */;

--
-- Database: `u1246796_pec`
--

-- --------------------------------------------------------

--
-- Table structure for table `backset`
--

CREATE TABLE `backset` (
  `url` varchar(100) NOT NULL,
  `sessiontime` varchar(4) DEFAULT NULL,
  `footer` varchar(50) DEFAULT NULL,
  `themesback` varchar(2) DEFAULT NULL,
  `responsive` varchar(2) DEFAULT NULL,
  `app` varchar(20) NOT NULL
) ENGINE=InnoDB DEFAULT CHARSET=latin1;

--
-- Dumping data for table `backset`
--

INSERT INTO `backset` (`url`, `sessiontime`, `footer`, `themesback`, `responsive`, `app`) VALUES
('https://sekolahbunayya.sch.id/', '1001', 'SMART PAYMENT TRIJAYA SOLUTION', '1', '0', 'Aplikasi Managemen P');

-- --------------------------------------------------------

--
-- Table structure for table `bebasan`
--

CREATE TABLE `bebasan` (
  `no` int(10) NOT NULL,
  `period_id` int(10) NOT NULL,
  `student_id` int(10) NOT NULL,
  `jenis_id` int(10) NOT NULL,
  `bill` int(10) NOT NULL,
  `biaya_admin` int(11) DEFAULT 0,
  `status` varchar(10) NOT NULL,
  `sudahbayar` int(10) NOT NULL,
  `kasir` varchar(100) NOT NULL,
  `tgl_input` date NOT NULL
) ENGINE=InnoDB DEFAULT CHARSET=latin1;

--
-- Dumping data for table `bebasan`
--

INSERT INTO `bebasan` (`no`, `period_id`, `student_id`, `jenis_id`, `bill`, `biaya_admin`, `status`, `sudahbayar`, `kasir`, `tgl_input`) VALUES
(34, 6, 327, 25, 500000, 0, 'belum', 0, 'argan', '2022-12-05');

-- --------------------------------------------------------

--
-- Table structure for table `bebasan_pay`
--

CREATE TABLE `bebasan_pay` (
  `no` int(10) NOT NULL,
  `bebasan_id` int(10) NOT NULL,
  `period_id` int(10) NOT NULL,
  `student_id` int(10) NOT NULL,
  `tanggal` date NOT NULL,
  `kasir` varchar(100) NOT NULL,
  `jumlah` int(10) NOT NULL
) ENGINE=InnoDB DEFAULT CHARSET=latin1;

-- --------------------------------------------------------

--
-- Table structure for table `biaya_admin`
--

CREATE TABLE `biaya_admin` (
  `id` bigint(20) UNSIGNED NOT NULL,
  `biaya` int(11) DEFAULT NULL
) ENGINE=InnoDB DEFAULT CHARSET=utf8mb4 ROW_FORMAT=DYNAMIC;

--
-- Dumping data for table `biaya_admin`
--

INSERT INTO `biaya_admin` (`id`, `biaya`) VALUES
(1, 0);

-- --------------------------------------------------------

--
-- Table structure for table `bulanan`
--

CREATE TABLE `bulanan` (
  `no` int(10) NOT NULL,
  `period_id` int(10) NOT NULL,
  `student_id` int(10) NOT NULL,
  `jenis_id` int(10) NOT NULL,
  `month_id` int(10) NOT NULL,
  `bulanan_bill` int(10) NOT NULL,
  `bulanan_status` varchar(10) NOT NULL,
  `bulanan_bayar` int(10) NOT NULL,
  `biaya_admin` int(11) DEFAULT 0,
  `kasir` varchar(100) NOT NULL,
  `tgl_input` date NOT NULL
) ENGINE=InnoDB DEFAULT CHARSET=latin1;

--
-- Dumping data for table `bulanan`
--

INSERT INTO `bulanan` (`no`, `period_id`, `student_id`, `jenis_id`, `month_id`, `bulanan_bill`, `bulanan_status`, `bulanan_bayar`, `biaya_admin`, `kasir`, `tgl_input`) VALUES
(12325, 6, 327, 26, 1, 2000000, 'sudah', 2000000, 0, 'argan', '2022-12-05'),
(12326, 6, 327, 26, 2, 2000000, 'belum', 0, 0, 'argan', '2022-12-05'),
(12327, 6, 327, 26, 3, 2000000, 'belum', 0, 0, 'argan', '2022-12-05'),
(12328, 6, 327, 26, 4, 2000000, 'belum', 0, 0, 'argan', '2022-12-05'),
(12329, 6, 327, 26, 5, 2000000, 'belum', 0, 0, 'argan', '2022-12-05'),
(12330, 6, 327, 26, 6, 2000000, 'belum', 0, 0, 'argan', '2022-12-05'),
(12331, 6, 327, 26, 7, 2000000, 'belum', 0, 0, 'argan', '2022-12-05'),
(12332, 6, 327, 26, 8, 2000000, 'belum', 0, 0, 'argan', '2022-12-05'),
(12333, 6, 327, 26, 9, 2000000, 'belum', 0, 0, 'argan', '2022-12-05'),
(12334, 6, 327, 26, 10, 2000000, 'belum', 0, 0, 'argan', '2022-12-05'),
(12335, 6, 327, 26, 11, 2000000, 'belum', 0, 0, 'argan', '2022-12-05'),
(12336, 6, 327, 26, 12, 2000000, 'belum', 0, 0, 'argan', '2022-12-05'),
(12337, 6, 327, 23, 1, 200000, 'belum', 0, 0, 'argan', '2022-12-05'),
(12338, 6, 327, 23, 2, 200000, 'belum', 0, 0, 'argan', '2022-12-05'),
(12339, 6, 327, 23, 3, 200000, 'belum', 0, 0, 'argan', '2022-12-05'),
(12340, 6, 327, 23, 4, 200000, 'belum', 0, 0, 'argan', '2022-12-05'),
(12341, 6, 327, 23, 5, 200000, 'belum', 0, 0, 'argan', '2022-12-05'),
(12342, 6, 327, 23, 6, 200000, 'belum', 0, 0, 'argan', '2022-12-05'),
(12343, 6, 327, 23, 7, 200000, 'belum', 0, 0, 'argan', '2022-12-05'),
(12344, 6, 327, 23, 8, 200000, 'belum', 0, 0, 'argan', '2022-12-05'),
(12345, 6, 327, 23, 9, 200000, 'belum', 0, 0, 'argan', '2022-12-05'),
(12346, 6, 327, 23, 10, 200000, 'belum', 0, 0, 'argan', '2022-12-05'),
(12347, 6, 327, 23, 11, 200000, 'belum', 0, 0, 'argan', '2022-12-05'),
(12348, 6, 327, 23, 12, 200000, 'belum', 0, 0, 'argan', '2022-12-05'),
(12349, 6, 327, 22, 1, 500000, 'belum', 0, 0, 'argan', '2022-12-05'),
(12350, 6, 327, 22, 2, 500000, 'belum', 0, 0, 'argan', '2022-12-05'),
(12351, 6, 327, 22, 3, 500000, 'belum', 0, 0, 'argan', '2022-12-05'),
(12352, 6, 327, 22, 4, 500000, 'belum', 0, 0, 'argan', '2022-12-05'),
(12353, 6, 327, 22, 5, 500000, 'belum', 0, 0, 'argan', '2022-12-05'),
(12354, 6, 327, 22, 6, 500000, 'belum', 0, 0, 'argan', '2022-12-05'),
(12355, 6, 327, 22, 7, 500000, 'belum', 0, 0, 'argan', '2022-12-05'),
(12356, 6, 327, 22, 8, 500000, 'belum', 0, 0, 'argan', '2022-12-05'),
(12357, 6, 327, 22, 9, 500000, 'belum', 0, 0, 'argan', '2022-12-05'),
(12358, 6, 327, 22, 10, 500000, 'belum', 0, 0, 'argan', '2022-12-05'),
(12359, 6, 327, 22, 11, 500000, 'belum', 0, 0, 'argan', '2022-12-05'),
(12360, 6, 327, 22, 12, 500000, 'belum', 0, 0, 'argan', '2022-12-05'),
(12361, 6, 327, 21, 1, 250000, 'belum', 0, 0, 'argan', '2022-12-05'),
(12362, 6, 327, 21, 2, 250000, 'belum', 0, 0, 'argan', '2022-12-05'),
(12363, 6, 327, 21, 3, 250000, 'belum', 0, 0, 'argan', '2022-12-05'),
(12364, 6, 327, 21, 4, 250000, 'belum', 0, 0, 'argan', '2022-12-05'),
(12365, 6, 327, 21, 5, 250000, 'belum', 0, 0, 'argan', '2022-12-05'),
(12366, 6, 327, 21, 6, 250000, 'belum', 0, 0, 'argan', '2022-12-05'),
(12367, 6, 327, 21, 7, 250000, 'belum', 0, 0, 'argan', '2022-12-05'),
(12368, 6, 327, 21, 8, 250000, 'belum', 0, 0, 'argan', '2022-12-05'),
(12369, 6, 327, 21, 9, 250000, 'belum', 0, 0, 'argan', '2022-12-05'),
(12370, 6, 327, 21, 10, 250000, 'belum', 0, 0, 'argan', '2022-12-05'),
(12371, 6, 327, 21, 11, 250000, 'belum', 0, 0, 'argan', '2022-12-05'),
(12372, 6, 327, 21, 12, 250000, 'belum', 0, 0, 'argan', '2022-12-05'),
(12373, 6, 328, 22, 1, 500000, 'sudah', 500000, 0, 'argan', '2022-12-05'),
(12374, 6, 328, 22, 2, 500000, 'belum', 0, 0, 'argan', '2022-12-05'),
(12375, 6, 328, 22, 3, 500000, 'belum', 0, 0, 'argan', '2022-12-05'),
(12376, 6, 328, 22, 4, 500000, 'belum', 0, 0, 'argan', '2022-12-05'),
(12377, 6, 328, 22, 5, 500000, 'belum', 0, 0, 'argan', '2022-12-05'),
(12378, 6, 328, 22, 6, 500000, 'belum', 0, 0, 'argan', '2022-12-05'),
(12379, 6, 328, 22, 7, 500000, 'belum', 0, 0, 'argan', '2022-12-05'),
(12380, 6, 328, 22, 8, 500000, 'belum', 0, 0, 'argan', '2022-12-05'),
(12381, 6, 328, 22, 9, 500000, 'belum', 0, 0, 'argan', '2022-12-05'),
(12382, 6, 328, 22, 10, 500000, 'belum', 0, 0, 'argan', '2022-12-05'),
(12383, 6, 328, 22, 11, 500000, 'belum', 0, 0, 'argan', '2022-12-05'),
(12384, 6, 328, 22, 12, 500000, 'belum', 0, 0, 'argan', '2022-12-05'),
(12385, 6, 329, 23, 1, 25000, 'belum', 0, 0, 'argan', '2022-12-05'),
(12386, 6, 329, 23, 2, 25000, 'belum', 0, 0, 'argan', '2022-12-05'),
(12387, 6, 329, 23, 3, 25000, 'belum', 0, 0, 'argan', '2022-12-05'),
(12388, 6, 329, 23, 4, 25000, 'belum', 0, 0, 'argan', '2022-12-05'),
(12389, 6, 329, 23, 5, 25000, 'belum', 0, 0, 'argan', '2022-12-05'),
(12390, 6, 329, 23, 6, 25000, 'belum', 0, 0, 'argan', '2022-12-05'),
(12391, 6, 329, 23, 7, 25000, 'belum', 0, 0, 'argan', '2022-12-05'),
(12392, 6, 329, 23, 8, 25000, 'belum', 0, 0, 'argan', '2022-12-05'),
(12393, 6, 329, 23, 9, 25000, 'belum', 0, 0, 'argan', '2022-12-05'),
(12394, 6, 329, 23, 10, 25000, 'belum', 0, 0, 'argan', '2022-12-05'),
(12395, 6, 329, 23, 11, 25000, 'belum', 0, 0, 'argan', '2022-12-05'),
(12396, 6, 329, 23, 12, 25000, 'belum', 0, 0, 'argan', '2022-12-05'),
(12397, 6, 328, 21, 1, 200000, 'belum', 0, 0, 'argan', '2022-12-05'),
(12398, 6, 328, 21, 2, 200000, 'belum', 0, 0, 'argan', '2022-12-05'),
(12399, 6, 328, 21, 3, 200000, 'belum', 0, 0, 'argan', '2022-12-05'),
(12400, 6, 328, 21, 4, 200000, 'belum', 0, 0, 'argan', '2022-12-05'),
(12401, 6, 328, 21, 5, 200000, 'belum', 0, 0, 'argan', '2022-12-05'),
(12402, 6, 328, 21, 6, 200000, 'belum', 0, 0, 'argan', '2022-12-05'),
(12403, 6, 328, 21, 7, 200000, 'belum', 0, 0, 'argan', '2022-12-05'),
(12404, 6, 328, 21, 8, 200000, 'belum', 0, 0, 'argan', '2022-12-05'),
(12405, 6, 328, 21, 9, 200000, 'belum', 0, 0, 'argan', '2022-12-05'),
(12406, 6, 328, 21, 10, 200000, 'belum', 0, 0, 'argan', '2022-12-05'),
(12407, 6, 328, 21, 11, 200000, 'belum', 0, 0, 'argan', '2022-12-05'),
(12408, 6, 328, 21, 12, 200000, 'belum', 0, 0, 'argan', '2022-12-05'),
(12409, 6, 329, 21, 1, 200000, 'belum', 0, 0, 'argan', '2022-12-05'),
(12410, 6, 329, 21, 2, 200000, 'belum', 0, 0, 'argan', '2022-12-05'),
(12411, 6, 329, 21, 3, 200000, 'belum', 0, 0, 'argan', '2022-12-05'),
(12412, 6, 329, 21, 4, 200000, 'belum', 0, 0, 'argan', '2022-12-05'),
(12413, 6, 329, 21, 5, 200000, 'belum', 0, 0, 'argan', '2022-12-05'),
(12414, 6, 329, 21, 6, 200000, 'belum', 0, 0, 'argan', '2022-12-05'),
(12415, 6, 329, 21, 7, 200000, 'belum', 0, 0, 'argan', '2022-12-05'),
(12416, 6, 329, 21, 8, 200000, 'belum', 0, 0, 'argan', '2022-12-05'),
(12417, 6, 329, 21, 9, 200000, 'belum', 0, 0, 'argan', '2022-12-05'),
(12418, 6, 329, 21, 10, 200000, 'belum', 0, 0, 'argan', '2022-12-05'),
(12419, 6, 329, 21, 11, 200000, 'belum', 0, 0, 'argan', '2022-12-05'),
(12420, 6, 329, 21, 12, 200000, 'belum', 0, 0, 'argan', '2022-12-05'),
(12421, 6, 330, 26, 1, 100000, 'belum', 0, 0, 'argan', '2022-12-05'),
(12422, 6, 330, 26, 2, 100000, 'belum', 0, 0, 'argan', '2022-12-05'),
(12423, 6, 330, 26, 3, 100000, 'belum', 0, 0, 'argan', '2022-12-05'),
(12424, 6, 330, 26, 4, 100000, 'belum', 0, 0, 'argan', '2022-12-05'),
(12425, 6, 330, 26, 5, 100000, 'belum', 0, 0, 'argan', '2022-12-05'),
(12426, 6, 330, 26, 6, 100000, 'belum', 0, 0, 'argan', '2022-12-05'),
(12427, 6, 330, 26, 7, 100000, 'belum', 0, 0, 'argan', '2022-12-05'),
(12428, 6, 330, 26, 8, 100000, 'belum', 0, 0, 'argan', '2022-12-05'),
(12429, 6, 330, 26, 9, 100000, 'belum', 0, 0, 'argan', '2022-12-05'),
(12430, 6, 330, 26, 10, 100000, 'belum', 0, 0, 'argan', '2022-12-05'),
(12431, 6, 330, 26, 11, 100000, 'belum', 0, 0, 'argan', '2022-12-05'),
(12432, 6, 330, 26, 12, 100000, 'belum', 0, 0, 'argan', '2022-12-05');

-- --------------------------------------------------------

--
-- Table structure for table `chmenu`
--

CREATE TABLE `chmenu` (
  `userjabatan` varchar(20) NOT NULL,
  `menu1` varchar(1) DEFAULT NULL,
  `menu2` varchar(1) DEFAULT NULL,
  `menu3` varchar(1) DEFAULT '0',
  `menu4` varchar(1) DEFAULT '0',
  `menu5` varchar(1) DEFAULT '0',
  `menu6` varchar(1) DEFAULT '0',
  `menu7` varchar(1) DEFAULT '0',
  `menu8` varchar(1) DEFAULT '0',
  `menu9` varchar(1) DEFAULT '0',
  `menu10` varchar(1) DEFAULT '0',
  `menu11` varchar(1) DEFAULT '0'
) ENGINE=InnoDB DEFAULT CHARSET=latin1;

--
-- Dumping data for table `chmenu`
--

INSERT INTO `chmenu` (`userjabatan`, `menu1`, `menu2`, `menu3`, `menu4`, `menu5`, `menu6`, `menu7`, `menu8`, `menu9`, `menu10`, `menu11`) VALUES
('admin', '4', '4', '4', '4', '4', '4', '4', '4', '4', '4', '4'),
('Karyawan', '4', '5', '4', '3', '3', '2', '3', '5', '1', '1', '1');

-- --------------------------------------------------------

--
-- Table structure for table `class`
--

CREATE TABLE `class` (
  `no` int(10) NOT NULL,
  `kelas` varchar(20) NOT NULL,
  `status` varchar(10) NOT NULL
) ENGINE=InnoDB DEFAULT CHARSET=latin1;

--
-- Dumping data for table `class`
--

INSERT INTO `class` (`no`, `kelas`, `status`) VALUES
(35, '1', 'active'),
(36, '2', 'active'),
(37, '3', 'active'),
(38, '4', 'active'),
(39, '5', 'active'),
(40, '6', 'active');

-- --------------------------------------------------------

--
-- Table structure for table `data`
--

CREATE TABLE `data` (
  `nama` varchar(100) DEFAULT NULL,
  `tagline` varchar(100) DEFAULT NULL,
  `alamat` varchar(255) DEFAULT NULL,
  `notelp` varchar(20) DEFAULT NULL,
  `signature` varchar(255) DEFAULT NULL,
  `email` varchar(50) NOT NULL,
  `web` varchar(100) NOT NULL,
  `npwp` varchar(100) NOT NULL,
  `avatar` varchar(150) NOT NULL,
  `no` int(11) NOT NULL
) ENGINE=InnoDB DEFAULT CHARSET=latin1;

--
-- Dumping data for table `data`
--

INSERT INTO `data` (`nama`, `tagline`, `alamat`, `notelp`, `signature`, `email`, `web`, `npwp`, `avatar`, `no`) VALUES
('TRIJAYA SOLUTION', 'Profesional dan  Terpercaya', 'Griya Serpong Asri Suradita Cisauk Tangerang', '081288643498', 'TRIJAYA SOLUTION', 'argan@trijayasolution.com', 'https://pec.trijayasolution.com', '', 'upload/image/APLIKASI SPP TRIJAYASLOUTION (1).jpg', 0);

-- --------------------------------------------------------

--
-- Table structure for table `events`
--

CREATE TABLE `events` (
  `id` int(11) NOT NULL,
  `title` varchar(255) NOT NULL,
  `color` varchar(7) DEFAULT NULL,
  `start` datetime NOT NULL,
  `end` datetime DEFAULT NULL
) ENGINE=InnoDB DEFAULT CHARSET=utf8;

--
-- Dumping data for table `events`
--

INSERT INTO `events` (`id`, `title`, `color`, `start`, `end`) VALUES
(1, 'Ujian', '#5553CE', '2021-04-17 00:00:00', '2021-04-18 00:00:00'),
(2, 'festival', '#313A46', '2022-09-08 00:00:00', '2022-09-09 00:00:00'),
(3, 'meeting walimurid', '#F96A74', '2022-09-14 00:00:00', '2022-09-15 00:00:00'),
(4, 'maulid', '#F06292', '2022-10-13 00:00:00', '2022-10-14 00:00:00'),
(5, 'progres report', '#F96A74', '2022-10-15 00:00:00', '2022-10-16 00:00:00'),
(6, 'OPEN SCHOOL', '#F06292', '2022-10-28 00:00:00', '2022-10-29 00:00:00'),
(7, 'OPEN SCHOOL', '#F06292', '2022-10-29 00:00:00', '2022-10-29 00:00:00'),
(8, 'OPEN SCHOOL', '#F06292', '2022-10-28 00:00:00', '2022-10-28 00:00:00');

-- --------------------------------------------------------

--
-- Table structure for table `event_colors`
--

CREATE TABLE `event_colors` (
  `no` int(10) NOT NULL,
  `warna` varchar(10) NOT NULL,
  `kodewarna` varchar(10) NOT NULL
) ENGINE=InnoDB DEFAULT CHARSET=latin1;

--
-- Dumping data for table `event_colors`
--

INSERT INTO `event_colors` (`no`, `warna`, `kodewarna`) VALUES
(1, 'Upacara', '#64C5B1'),
(2, 'Pengumuman', '#34D3EB'),
(3, 'Kelulusan', '#32C861'),
(4, 'Pembayaran', '#FFA91C'),
(5, 'Ujian', '#5553CE'),
(6, 'Penting', '#F96A74'),
(7, 'Festival', '#F06292'),
(10, 'Liburan', '#313A46');

-- --------------------------------------------------------

--
-- Table structure for table `graduation`
--

CREATE TABLE `graduation` (
  `grad_id` int(10) NOT NULL,
  `tanggal` date NOT NULL,
  `user` varchar(20) NOT NULL
) ENGINE=InnoDB DEFAULT CHARSET=latin1;

-- --------------------------------------------------------

--
-- Table structure for table `info`
--

CREATE TABLE `info` (
  `nama` varchar(100) DEFAULT NULL,
  `userid` int(10) NOT NULL,
  `avatar` varchar(255) DEFAULT NULL,
  `tanggal` date DEFAULT NULL,
  `isi` text DEFAULT NULL,
  `id` int(11) NOT NULL
) ENGINE=InnoDB DEFAULT CHARSET=latin1;

--
-- Dumping data for table `info`
--

INSERT INTO `info` (`nama`, `userid`, `avatar`, `tanggal`, `isi`, `id`) VALUES
('argan', 29, 'upload/image/placeholder.png', '2022-09-27', '<h1>Pengumuman baru:</h1><p><br></p><p></p>', 1);

-- --------------------------------------------------------

--
-- Table structure for table `jabatan`
--

CREATE TABLE `jabatan` (
  `kode` varchar(20) NOT NULL,
  `nama` varchar(20) DEFAULT NULL,
  `no` int(11) NOT NULL
) ENGINE=InnoDB DEFAULT CHARSET=latin1;

--
-- Dumping data for table `jabatan`
--

INSERT INTO `jabatan` (`kode`, `nama`, `no`) VALUES
('0001', 'admin', 30),
('0003', 'Karyawan', 31),
('0004', 'Tata Usaha', 33);

-- --------------------------------------------------------

--
-- Table structure for table `jenis_bayar`
--

CREATE TABLE `jenis_bayar` (
  `jenis_id` int(10) NOT NULL,
  `period_id` int(10) NOT NULL,
  `pos_bayar_id` int(10) NOT NULL,
  `jenis_pembayaran` varchar(10) NOT NULL,
  `nama` varchar(100) NOT NULL,
  `tahunajar` varchar(10) NOT NULL,
  `update_time` date NOT NULL,
  `create_time` date NOT NULL
) ENGINE=InnoDB DEFAULT CHARSET=latin1;

--
-- Dumping data for table `jenis_bayar`
--

INSERT INTO `jenis_bayar` (`jenis_id`, `period_id`, `pos_bayar_id`, `jenis_pembayaran`, `nama`, `tahunajar`, `update_time`, `create_time`) VALUES
(21, 6, 23, 'bulanan', 'pomg', '2022/2023', '2022-09-17', '2022-08-25'),
(22, 6, 24, 'bulanan', 'SPP', '2022/2023', '2022-12-05', '2022-08-26'),
(23, 6, 25, 'bulanan', 'uang kegiatan', '2022/2023', '2022-09-20', '2022-08-27'),
(25, 6, 26, 'bebas', 'Biaya Pendidikan Siswa Baru', '2022/2023', '2022-09-17', '2022-09-17'),
(26, 6, 27, 'bulanan', 'FUTSAL', '2022/2023', '2022-10-26', '2022-10-26');

-- --------------------------------------------------------

--
-- Table structure for table `log_tabungan`
--

CREATE TABLE `log_tabungan` (
  `id` bigint(20) UNSIGNED NOT NULL,
  `tanggal_transaksi` datetime NOT NULL,
  `id_master_tabungan` bigint(20) UNSIGNED NOT NULL,
  `nilai` int(10) UNSIGNED NOT NULL,
  `tipe` enum('masuk','keluar') NOT NULL
) ENGINE=InnoDB DEFAULT CHARSET=utf8mb4 ROW_FORMAT=DYNAMIC;

--
-- Dumping data for table `log_tabungan`
--

INSERT INTO `log_tabungan` (`id`, `tanggal_transaksi`, `id_master_tabungan`, `nilai`, `tipe`) VALUES
(11, '2022-12-05 20:25:02', 10, 100000, 'masuk');

-- --------------------------------------------------------

--
-- Table structure for table `master_tabungan`
--

CREATE TABLE `master_tabungan` (
  `id` bigint(20) UNSIGNED NOT NULL,
  `id_siswa` bigint(20) UNSIGNED NOT NULL,
  `tabungan` int(10) UNSIGNED NOT NULL
) ENGINE=InnoDB DEFAULT CHARSET=utf8mb4 ROW_FORMAT=DYNAMIC;

--
-- Dumping data for table `master_tabungan`
--

INSERT INTO `master_tabungan` (`id`, `id_siswa`, `tabungan`) VALUES
(10, 327, 100000);

-- --------------------------------------------------------

--
-- Table structure for table `months`
--

CREATE TABLE `months` (
  `month_id` int(11) NOT NULL,
  `month_name` varchar(45) DEFAULT NULL,
  `status` varchar(10) NOT NULL
) ENGINE=InnoDB DEFAULT CHARSET=latin1;

--
-- Dumping data for table `months`
--

INSERT INTO `months` (`month_id`, `month_name`, `status`) VALUES
(1, 'Juli', 'inactive'),
(2, 'Agustus', 'inactive'),
(3, 'September', 'inactive'),
(4, 'Oktober', 'inactive'),
(5, 'November', 'active'),
(6, 'Desember', 'inactive'),
(7, 'Januari', 'inactive'),
(8, 'Februari', 'inactive'),
(9, 'Maret', 'inactive'),
(10, 'April', 'inactive'),
(11, 'Mei', 'inactive'),
(12, 'Juni', 'inactive');

-- --------------------------------------------------------

--
-- Table structure for table `pembayaran_midtrans`
--

CREATE TABLE `pembayaran_midtrans` (
  `id` varchar(255) NOT NULL,
  `token` varchar(255) DEFAULT NULL,
  `transaction_time` datetime DEFAULT NULL,
  `transaction_status` varchar(255) DEFAULT NULL,
  `transaction_id` varchar(255) DEFAULT NULL,
  `payment_type` varchar(255) DEFAULT NULL,
  `gross_amount` int(11) DEFAULT NULL,
  `payment_name` varchar(255) DEFAULT NULL,
  `payment_table` varchar(255) DEFAULT NULL,
  `payment_no` bigint(20) UNSIGNED DEFAULT NULL,
  `student_id` int(11) DEFAULT NULL
) ENGINE=InnoDB DEFAULT CHARSET=utf8mb4 ROW_FORMAT=DYNAMIC;

--
-- Dumping data for table `pembayaran_midtrans`
--

INSERT INTO `pembayaran_midtrans` (`id`, `token`, `transaction_time`, `transaction_status`, `transaction_id`, `payment_type`, `gross_amount`, `payment_name`, `payment_table`, `payment_no`, `student_id`) VALUES
('719135b6-c234-4a23-8b55-bcd7d116d407', '65f91691-5ee9-4b41-bd9e-f6f5f458e299', NULL, 'pending', NULL, NULL, 525000, 'SPP-T.A2022/2023 Juni', 'bulanan', 335, 1),
('75f243d3-78c5-4805-99f7-0e57608bbe49', '3f0de033-f09d-44a0-bafe-2d76d01282af', NULL, 'pending', NULL, NULL, 525000, 'SPP-T.A2022/2023 Juni', 'bulanan', 332, 1),
('85968932-677e-474c-9a7e-bcde472dc9a9', '2fe78a57-4110-4c8b-b06c-a1bad7276757', NULL, 'pending', NULL, NULL, 525000, 'SPP-T.A2022/2023 Juni', 'bulanan', 333, 1),
('c92f2fc1-24c5-4b3a-8672-a431a96f386a', 'da42c81d-2fa5-40e0-8f50-39cdcb6ffcfe', NULL, 'pending', NULL, NULL, 525000, 'SPP-T.A2022/2023 Juni', 'bulanan', 331, 1);

-- --------------------------------------------------------

--
-- Table structure for table `periode`
--

CREATE TABLE `periode` (
  `no` int(10) NOT NULL,
  `period_start` year(4) NOT NULL,
  `period_end` year(4) NOT NULL,
  `period_name` varchar(10) NOT NULL,
  `status` varchar(10) NOT NULL
) ENGINE=InnoDB DEFAULT CHARSET=latin1;

--
-- Dumping data for table `periode`
--

INSERT INTO `periode` (`no`, `period_start`, `period_end`, `period_name`, `status`) VALUES
(6, 2022, 2023, '2022/2023', 'active');

-- --------------------------------------------------------

--
-- Table structure for table `pin`
--

CREATE TABLE `pin` (
  `pin` varchar(255) NOT NULL,
  `ubah` int(2) NOT NULL
) ENGINE=InnoDB DEFAULT CHARSET=latin1;

--
-- Dumping data for table `pin`
--

INSERT INTO `pin` (`pin`, `ubah`) VALUES
('10470c3b4b1fed12c3baac014be15fac67c6e815', 0);

-- --------------------------------------------------------

--
-- Table structure for table `pos_bayar`
--

CREATE TABLE `pos_bayar` (
  `id` int(10) NOT NULL,
  `nama` varchar(100) NOT NULL,
  `keterangan` varchar(200) NOT NULL
) ENGINE=InnoDB DEFAULT CHARSET=latin1;

--
-- Dumping data for table `pos_bayar`
--

INSERT INTO `pos_bayar` (`id`, `nama`, `keterangan`) VALUES
(22, 'Baju Seragam', 'Biaya Baju Seragam'),
(23, 'pomg', 'pembayaran pomg'),
(24, 'SPP', 'Biaya SPP'),
(25, 'uang kegiatan', 'biaya kegiatan'),
(26, 'Biaya Pendidikan Siswa Baru', 'Biaya Pendidikan Siswa Baru atau pindahan'),
(27, 'FUTSAL', 'IURAN FUTSAL');

-- --------------------------------------------------------

--
-- Table structure for table `rekening`
--

CREATE TABLE `rekening` (
  `no` int(10) NOT NULL,
  `bank` varchar(30) NOT NULL,
  `nama` varchar(50) NOT NULL,
  `norek` varchar(20) NOT NULL
) ENGINE=InnoDB DEFAULT CHARSET=latin1;

--
-- Dumping data for table `rekening`
--

INSERT INTO `rekening` (`no`, `bank`, `nama`, `norek`) VALUES
(4, 'BCA', 'ANDI M', '120919101');

-- --------------------------------------------------------

--
-- Table structure for table `student`
--

CREATE TABLE `student` (
  `student_id` int(11) NOT NULL,
  `nis` varchar(45) DEFAULT NULL,
  `nisn` varchar(45) DEFAULT NULL,
  `password` varchar(100) DEFAULT NULL,
  `nama` varchar(255) DEFAULT NULL,
  `gender` varchar(10) DEFAULT NULL,
  `birth_place` varchar(45) DEFAULT NULL,
  `birth_date` date DEFAULT NULL,
  `avatar` varchar(255) DEFAULT NULL,
  `nohp` varchar(45) DEFAULT NULL,
  `hobi` varchar(100) DEFAULT NULL,
  `alamat` text DEFAULT NULL,
  `ibu` varchar(100) DEFAULT NULL,
  `ayahwali` varchar(100) DEFAULT NULL,
  `waortu` varchar(45) DEFAULT NULL,
  `kelas_id` varchar(11) DEFAULT NULL,
  `jurusan` int(11) DEFAULT NULL,
  `catatan` text NOT NULL,
  `status` varchar(10) DEFAULT NULL,
  `input_date` date DEFAULT NULL,
  `last_update` date DEFAULT NULL,
  `email` varchar(255) NOT NULL
) ENGINE=InnoDB DEFAULT CHARSET=latin1;

--
-- Dumping data for table `student`
--

INSERT INTO `student` (`student_id`, `nis`, `nisn`, `password`, `nama`, `gender`, `birth_place`, `birth_date`, `avatar`, `nohp`, `hobi`, `alamat`, `ibu`, `ayahwali`, `waortu`, `kelas_id`, `jurusan`, `catatan`, `status`, `input_date`, `last_update`, `email`) VALUES
(327, '12345678', '12345678', '10470c3b4b1fed12c3baac014be15fac67c6e815', 'Argan', 'Laki Laki', 'Sukabumi', '2022-12-20', 'upload/image/placeholder150x150.png', '6282216218301', 'Menulis', 'Tangerang', 'Putri', 'Bagus', '  6282216218301', '35', 1, '  ', 'active', '2022-12-05', '2022-12-05', 'argantrian@gmail.com'),
(328, '2345678', '2345678', '10470c3b4b1fed12c3baac014be15fac67c6e815', 'putri', 'Laki Laki', 'tangerang', '2022-12-12', 'upload/image/placeholder150x150.png', '682216218301', 'membaca', 'tangerang', 'nabila', 'indra', '  6282216218302', '36', 1, '  ', 'active', '2022-12-05', '2022-12-05', 'sinputriani87@gmail.com'),
(329, '3456789', '3456789', '10470c3b4b1fed12c3baac014be15fac67c6e815', 'khalifi', 'Laki Laki', 'tangerang', '2022-11-08', 'upload/image/placeholder150x150.png', '6282216218301', 'membaca', 'tangerang', 'indah', 'dedi', '\n  6282216218301', '37', 1, ' ', 'active', '2022-12-05', '2022-12-05', 'argantrian@gmail.com'),
(330, '34423432', '34423432', '10470c3b4b1fed12c3baac014be15fac67c6e815', 'Aldo', 'Laki Laki', 'tangerang', '2022-10-04', 'upload/image/placeholder150x150.png', '6282216218301', 'membaca', 'tangerang', 'dinda', 'joko', '\n  +6282216218301', '38', 1, ' ', 'active', '2022-12-05', '2022-12-05', 'argantrian@gmail.com');

-- --------------------------------------------------------

--
-- Table structure for table `student_alumni`
--

CREATE TABLE `student_alumni` (
  `student_id` int(11) NOT NULL,
  `nis` varchar(45) DEFAULT NULL,
  `nisn` varchar(45) DEFAULT NULL,
  `password` varchar(100) DEFAULT NULL,
  `nama` varchar(255) DEFAULT NULL,
  `gender` varchar(10) DEFAULT NULL,
  `birth_place` varchar(45) DEFAULT NULL,
  `birth_date` date DEFAULT NULL,
  `avatar` varchar(255) DEFAULT NULL,
  `nohp` varchar(45) DEFAULT NULL,
  `hobi` varchar(100) DEFAULT NULL,
  `alamat` text DEFAULT NULL,
  `ibu` varchar(100) DEFAULT NULL,
  `ayahwali` varchar(100) DEFAULT NULL,
  `waortu` varchar(45) DEFAULT NULL,
  `kelas_id` varchar(11) DEFAULT NULL,
  `jurusan` int(11) DEFAULT NULL,
  `catatan` text NOT NULL,
  `status` varchar(10) DEFAULT NULL,
  `input_date` date DEFAULT NULL,
  `last_update` date DEFAULT NULL
) ENGINE=InnoDB DEFAULT CHARSET=latin1;

-- --------------------------------------------------------

--
-- Table structure for table `test`
--

CREATE TABLE `test` (
  `id` bigint(20) UNSIGNED NOT NULL,
  `name` varchar(255) NOT NULL
) ENGINE=InnoDB DEFAULT CHARSET=utf8mb4 ROW_FORMAT=DYNAMIC;

--
-- Dumping data for table `test`
--

INSERT INTO `test` (`id`, `name`) VALUES
(1, 'test cron'),
(2, 'test cron'),
(3, 'test cron'),
(4, 'test cron'),
(5, 'test cron'),
(6, 'test cron'),
(7, 'test cron'),
(8, 'test cron'),
(9, 'test cron'),
(10, 'test cron'),
(11, 'test cron'),
(12, 'test cron'),
(13, 'test cron'),
(14, 'test cron'),
(15, 'test cron'),
(16, 'test cron'),
(17, 'test cron'),
(18, 'test cron'),
(19, 'test cron'),
(20, 'test cron'),
(21, 'test cron'),
(22, 'test cron'),
(23, 'test cron'),
(24, 'test cron'),
(25, 'test cron'),
(26, 'test cron'),
(27, 'test cron'),
(28, 'test cron'),
(29, 'test cron'),
(30, 'test cron'),
(31, 'test cron'),
(32, 'test cron'),
(33, 'test cron'),
(34, 'test cron'),
(35, 'test cron'),
(36, 'test cron'),
(37, 'test cron'),
(38, 'test cron'),
(39, 'test cron'),
(40, 'test cron'),
(41, 'test cron'),
(42, 'test cron'),
(43, 'test cron'),
(44, 'test cron'),
(45, 'test cron'),
(46, 'test cron'),
(47, 'test cron'),
(48, 'test cron'),
(49, 'test cron'),
(50, 'test cron'),
(51, 'test cron'),
(52, 'test cron'),
(53, 'test cron'),
(54, 'test cron'),
(55, 'test cron'),
(56, 'test cron'),
(57, 'test cron'),
(58, 'test cron'),
(59, 'test cron'),
(60, 'test cron'),
(61, 'test cron'),
(62, 'test cron'),
(63, 'test cron'),
(64, 'test cron'),
(65, 'test cron'),
(66, 'test cron'),
(67, 'test cron'),
(68, 'test cron'),
(69, 'test cron'),
(70, 'test cron'),
(71, 'test cron'),
(72, 'test cron'),
(73, 'test cron'),
(74, 'test cron'),
(75, 'test cron'),
(76, 'test cron'),
(77, 'test cron'),
(78, 'test cron'),
(79, 'test cron'),
(80, 'test cron'),
(81, 'test cron'),
(82, 'test cron'),
(83, 'test cron'),
(84, 'test cron'),
(85, 'test cron'),
(86, 'test cron'),
(87, 'test cron'),
(88, 'test cron'),
(89, 'test cron'),
(90, 'test cron'),
(91, 'test cron'),
(92, 'test cron'),
(93, 'test cron'),
(94, 'test cron'),
(95, 'test cron'),
(96, 'test cron'),
(97, 'test cron'),
(98, 'test cron'),
(99, 'test cron'),
(100, 'test cron'),
(101, 'test cron'),
(102, 'test cron'),
(103, 'test cron'),
(104, 'test cron'),
(105, 'test cron'),
(106, 'test cron'),
(107, 'test cron'),
(108, 'test cron'),
(109, 'test cron'),
(110, 'test cron'),
(111, 'test cron'),
(112, 'test cron'),
(113, 'test cron'),
(114, 'test cron'),
(115, 'test cron'),
(116, 'test cron'),
(117, 'test cron'),
(118, 'test cron'),
(119, 'test cron'),
(120, 'test cron'),
(121, 'test cron'),
(122, 'test cron'),
(123, 'test cron'),
(124, 'test cron'),
(125, 'test cron'),
(126, 'test cron'),
(127, 'test cron'),
(128, 'test cron'),
(129, 'test cron'),
(130, 'test cron'),
(131, 'test cron'),
(132, 'test cron'),
(133, 'test cron'),
(134, 'test cron'),
(135, 'test cron'),
(136, 'test cron'),
(137, 'test cron'),
(138, 'test cron'),
(139, 'test cron'),
(140, 'test cron'),
(141, 'test cron'),
(142, 'test cron'),
(143, 'test cron'),
(144, 'test cron'),
(145, 'test cron'),
(146, 'test cron'),
(147, 'test cron'),
(148, 'test cron'),
(149, 'test cron'),
(150, 'test cron'),
(151, 'test cron'),
(152, 'test cron'),
(153, 'test cron'),
(154, 'test cron'),
(155, 'test cron'),
(156, 'test cron'),
(157, 'test cron'),
(158, 'test cron'),
(159, 'test cron'),
(160, 'test cron'),
(161, 'test cron'),
(162, 'test cron'),
(163, 'test cron'),
(164, 'test cron'),
(165, 'test cron'),
(166, 'test cron'),
(167, 'test cron'),
(168, 'test cron'),
(169, 'test cron'),
(170, 'test cron'),
(171, 'test cron'),
(172, 'test cron'),
(173, 'test cron'),
(174, 'test cron'),
(175, 'test cron'),
(176, 'test cron'),
(177, 'test cron'),
(178, 'test cron'),
(179, 'test cron'),
(180, 'test cron'),
(181, 'test cron'),
(182, 'test cron'),
(183, 'test cron'),
(184, 'test cron'),
(185, 'test cron'),
(186, 'test cron'),
(187, 'test cron'),
(188, 'test cron'),
(189, 'test cron'),
(190, 'test cron'),
(191, 'test cron'),
(192, 'test cron'),
(193, 'test cron'),
(194, 'test cron'),
(195, 'test cron'),
(196, 'test cron'),
(197, 'test cron'),
(198, 'test cron'),
(199, 'test cron'),
(200, 'test cron'),
(201, 'test cron'),
(202, 'test cron'),
(203, 'test cron'),
(204, 'test cron'),
(205, 'test cron'),
(206, 'test cron'),
(207, 'test cron'),
(208, 'test cron'),
(209, 'test cron'),
(210, 'test cron'),
(211, 'test cron'),
(212, 'test cron'),
(213, 'test cron'),
(214, 'test cron'),
(215, 'test cron'),
(216, 'test cron'),
(217, 'test cron'),
(218, 'test cron'),
(219, 'test cron'),
(220, 'test cron'),
(221, 'test cron'),
(222, 'test cron'),
(223, 'test cron'),
(224, 'test cron'),
(225, 'test cron'),
(226, 'test cron'),
(227, 'test cron'),
(228, 'test cron'),
(229, 'test cron'),
(230, 'test cron'),
(231, 'test cron'),
(232, 'test cron'),
(233, 'test cron'),
(234, 'test cron'),
(235, 'test cron'),
(236, 'test cron'),
(237, 'test cron'),
(238, 'test cron'),
(239, 'test cron'),
(240, 'test cron'),
(241, 'test cron'),
(242, 'test cron'),
(243, 'test cron'),
(244, 'test cron'),
(245, 'test cron'),
(246, 'test cron'),
(247, 'test cron'),
(248, 'test cron'),
(249, 'test cron'),
(250, 'test cron'),
(251, 'test cron'),
(252, 'test cron'),
(253, 'test cron'),
(254, 'test cron'),
(255, 'test cron'),
(256, 'test cron'),
(257, 'test cron'),
(258, 'test cron'),
(259, 'test cron'),
(260, 'test cron'),
(261, 'test cron'),
(262, 'test cron'),
(263, 'test cron'),
(264, 'test cron'),
(265, 'test cron'),
(266, 'test cron'),
(267, 'test cron'),
(268, 'test cron'),
(269, 'test cron'),
(270, 'test cron'),
(271, 'test cron'),
(272, 'test cron'),
(273, 'test cron'),
(274, 'test cron'),
(275, 'test cron'),
(276, 'test cron'),
(277, 'test cron'),
(278, 'test cron'),
(279, 'test cron'),
(280, 'test cron'),
(281, 'test cron'),
(282, 'test cron'),
(283, 'test cron'),
(284, 'test cron'),
(285, 'test cron'),
(286, 'test cron'),
(287, 'test cron'),
(288, 'test cron'),
(289, 'test cron'),
(290, 'test cron'),
(291, 'test cron'),
(292, 'test cron'),
(293, 'test cron'),
(294, 'test cron'),
(295, 'test cron'),
(296, 'test cron'),
(297, 'test cron'),
(298, 'test cron'),
(299, 'test cron'),
(300, 'test cron'),
(301, 'test cron'),
(302, 'test cron'),
(303, 'test cron'),
(304, 'test cron'),
(305, 'test cron'),
(306, 'test cron'),
(307, 'test cron'),
(308, 'test cron'),
(309, 'test cron'),
(310, 'test cron'),
(311, 'test cron'),
(312, 'test cron'),
(313, 'test cron'),
(314, 'test cron'),
(315, 'test cron'),
(316, 'test cron'),
(317, 'test cron'),
(318, 'test cron'),
(319, 'test cron'),
(320, 'test cron'),
(321, 'test cron'),
(322, 'test cron'),
(323, 'test cron'),
(324, 'test cron'),
(325, 'test cron'),
(326, 'test cron'),
(327, 'test cron'),
(328, 'test cron'),
(329, 'test cron'),
(330, 'test cron'),
(331, 'test cron'),
(332, 'test cron'),
(333, 'test cron'),
(334, 'test cron'),
(335, 'test cron'),
(336, 'test cron'),
(337, 'test cron'),
(338, 'test cron'),
(339, 'test cron'),
(340, 'test cron'),
(341, 'test cron'),
(342, 'test cron'),
(343, 'test cron'),
(344, 'test cron'),
(345, 'test cron'),
(346, 'test cron'),
(347, 'test cron'),
(348, 'test cron'),
(349, 'test cron'),
(350, 'test cron'),
(351, 'test cron'),
(352, 'test cron'),
(353, 'test cron'),
(354, 'test cron'),
(355, 'test cron'),
(356, 'test cron'),
(357, 'test cron'),
(358, 'test cron'),
(359, 'test cron'),
(360, 'test cron'),
(361, 'test cron'),
(362, 'test cron'),
(363, 'test cron'),
(364, 'test cron'),
(365, 'test cron'),
(366, 'test cron'),
(367, 'test cron'),
(368, 'test cron'),
(369, 'test cron'),
(370, 'test cron'),
(371, 'test cron'),
(372, 'test cron'),
(373, 'test cron'),
(374, 'test cron'),
(375, 'test cron'),
(376, 'test cron'),
(377, 'test cron'),
(378, 'test cron'),
(379, 'test cron'),
(380, 'test cron'),
(381, 'test cron'),
(382, 'test cron'),
(383, 'test cron'),
(384, 'test cron'),
(385, 'test cron'),
(386, 'test cron'),
(387, 'test cron'),
(388, 'test cron'),
(389, 'test cron'),
(390, 'test cron'),
(391, 'test cron'),
(392, 'test cron'),
(393, 'test cron'),
(394, 'test cron'),
(395, 'test cron'),
(396, 'test cron'),
(397, 'test cron'),
(398, 'test cron'),
(399, 'test cron'),
(400, 'test cron'),
(401, 'test cron'),
(402, 'test cron'),
(403, 'test cron'),
(404, 'test cron'),
(405, 'test cron'),
(406, 'test cron'),
(407, 'test cron'),
(408, 'test cron'),
(409, 'test cron'),
(410, 'test cron'),
(411, 'test cron'),
(412, 'test cron'),
(413, 'test cron'),
(414, 'test cron'),
(415, 'test cron'),
(416, 'test cron'),
(417, 'test cron'),
(418, 'test cron'),
(419, 'test cron'),
(420, 'test cron'),
(421, 'test cron'),
(422, 'test cron'),
(423, 'test cron'),
(424, 'test cron'),
(425, 'test cron'),
(426, 'test cron'),
(427, 'test cron'),
(428, 'test cron'),
(429, 'test cron'),
(430, 'test cron'),
(431, 'test cron'),
(432, 'test cron'),
(433, 'test cron'),
(434, 'test cron'),
(435, 'test cron'),
(436, 'test cron'),
(437, 'test cron'),
(438, 'test cron'),
(439, 'test cron'),
(440, 'test cron'),
(441, 'test cron'),
(442, 'test cron'),
(443, 'test cron'),
(444, 'test cron'),
(445, 'test cron'),
(446, 'test cron'),
(447, 'test cron'),
(448, 'test cron'),
(449, 'test cron'),
(450, 'test cron'),
(451, 'test cron'),
(452, 'test cron'),
(453, 'test cron'),
(454, 'test cron'),
(455, 'test cron'),
(456, 'test cron'),
(457, 'test cron'),
(458, 'test cron'),
(459, 'test cron'),
(460, 'test cron'),
(461, 'test cron'),
(462, 'test cron'),
(463, 'test cron'),
(464, 'test cron'),
(465, 'test cron'),
(466, 'test cron'),
(467, 'test cron'),
(468, 'test cron'),
(469, 'test cron'),
(470, 'test cron'),
(471, 'test cron'),
(472, 'test cron'),
(473, 'test cron'),
(474, 'test cron'),
(475, 'test cron'),
(476, 'test cron'),
(477, 'test cron'),
(478, 'test cron'),
(479, 'test cron'),
(480, 'test cron'),
(481, 'test cron'),
(482, 'test cron'),
(483, 'test cron'),
(484, 'test cron'),
(485, 'test cron'),
(486, 'test cron'),
(487, 'test cron'),
(488, 'test cron'),
(489, 'test cron'),
(490, 'test cron'),
(491, 'test cron'),
(492, 'test cron'),
(493, 'test cron'),
(494, 'test cron'),
(495, 'test cron'),
(496, 'test cron'),
(497, 'test cron'),
(498, 'test cron'),
(499, 'test cron'),
(500, 'test cron'),
(501, 'test cron'),
(502, 'test cron'),
(503, 'test cron'),
(504, 'test cron'),
(505, 'test cron'),
(506, 'test cron'),
(507, 'test cron'),
(508, 'test cron'),
(509, 'test cron'),
(510, 'test cron'),
(511, 'test cron'),
(512, 'test cron'),
(513, 'test cron'),
(514, 'test cron'),
(515, 'test cron'),
(516, 'test cron'),
(517, 'test cron'),
(518, 'test cron'),
(519, 'test cron'),
(520, 'test cron'),
(521, 'test cron'),
(522, 'test cron'),
(523, 'test cron'),
(524, 'test cron'),
(525, 'test cron'),
(526, 'test cron'),
(527, 'test cron'),
(528, 'test cron'),
(529, 'test cron'),
(530, 'test cron'),
(531, 'test cron'),
(532, 'test cron'),
(533, 'test cron'),
(534, 'test cron'),
(535, 'test cron'),
(536, 'test cron'),
(537, 'test cron'),
(538, 'test cron'),
(539, 'test cron'),
(540, 'test cron'),
(541, 'test cron'),
(542, 'test cron'),
(543, 'test cron'),
(544, 'test cron'),
(545, 'test cron'),
(546, 'test cron'),
(547, 'test cron'),
(548, 'test cron'),
(549, 'test cron'),
(550, 'test cron'),
(551, 'test cron'),
(552, 'test cron'),
(553, 'test cron'),
(554, 'test cron'),
(555, 'test cron'),
(556, 'test cron'),
(557, 'test cron'),
(558, 'test cron'),
(559, 'test cron'),
(560, 'test cron'),
(561, 'test cron'),
(562, 'test cron'),
(563, 'test cron'),
(564, 'test cron'),
(565, 'test cron'),
(566, 'test cron'),
(567, 'test cron'),
(568, 'test cron'),
(569, 'test cron'),
(570, 'test cron'),
(571, 'test cron'),
(572, 'test cron'),
(573, 'test cron'),
(574, 'test cron'),
(575, 'test cron'),
(576, 'test cron'),
(577, 'test cron'),
(578, 'test cron'),
(579, 'test cron'),
(580, 'test cron'),
(581, 'test cron'),
(582, 'test cron'),
(583, 'test cron'),
(584, 'test cron'),
(585, 'test cron'),
(586, 'test cron'),
(587, 'test cron'),
(588, 'test cron'),
(589, 'test cron'),
(590, 'test cron'),
(591, 'test cron'),
(592, 'test cron'),
(593, 'test cron'),
(594, 'test cron'),
(595, 'test cron'),
(596, 'test cron'),
(597, 'test cron'),
(598, 'test cron'),
(599, 'test cron'),
(600, 'test cron'),
(601, 'test cron'),
(602, 'test cron'),
(603, 'test cron'),
(604, 'test cron'),
(605, 'test cron'),
(606, 'test cron'),
(607, 'test cron'),
(608, 'test cron'),
(609, 'test cron'),
(610, 'test cron'),
(611, 'test cron'),
(612, 'test cron'),
(613, 'test cron'),
(614, 'test cron'),
(615, 'test cron'),
(616, 'test cron'),
(617, 'test cron'),
(618, 'test cron'),
(619, 'test cron'),
(620, 'test cron'),
(621, 'test cron'),
(622, 'test cron'),
(623, 'test cron'),
(624, 'test cron'),
(625, 'test cron'),
(626, 'test cron'),
(627, 'test cron'),
(628, 'test cron'),
(629, 'test cron'),
(630, 'test cron'),
(631, 'test cron'),
(632, 'test cron'),
(633, 'test cron'),
(634, 'test cron'),
(635, 'test cron'),
(636, 'test cron'),
(637, 'test cron'),
(638, 'test cron'),
(639, 'test cron'),
(640, 'test cron'),
(641, 'test cron'),
(642, 'test cron'),
(643, 'test cron'),
(644, 'test cron'),
(645, 'test cron'),
(646, 'test cron'),
(647, 'test cron'),
(648, 'test cron'),
(649, 'test cron'),
(650, 'test cron'),
(651, 'test cron'),
(652, 'test cron'),
(653, 'test cron'),
(654, 'test cron'),
(655, 'test cron'),
(656, 'test cron'),
(657, 'test cron'),
(658, 'test cron'),
(659, 'test cron'),
(660, 'test cron'),
(661, 'test cron'),
(662, 'test cron'),
(663, 'test cron'),
(664, 'test cron'),
(665, 'test cron'),
(666, 'test cron'),
(667, 'test cron'),
(668, 'test cron'),
(669, 'test cron'),
(670, 'test cron'),
(671, 'test cron'),
(672, 'test cron'),
(673, 'test cron'),
(674, 'test cron'),
(675, 'test cron'),
(676, 'test cron'),
(677, 'test cron'),
(678, 'test cron'),
(679, 'test cron'),
(680, 'test cron'),
(681, 'test cron'),
(682, 'test cron'),
(683, 'test cron'),
(684, 'test cron'),
(685, 'test cron'),
(686, 'test cron'),
(687, 'test cron'),
(688, 'test cron'),
(689, 'test cron'),
(690, 'test cron'),
(691, 'test cron'),
(692, 'test cron'),
(693, 'test cron'),
(694, 'test cron'),
(695, 'test cron'),
(696, 'test cron'),
(697, 'test cron'),
(698, 'test cron'),
(699, 'test cron'),
(700, 'test cron'),
(701, 'test cron'),
(702, 'test cron'),
(703, 'test cron'),
(704, 'test cron'),
(705, 'test cron'),
(706, 'test cron'),
(707, 'test cron'),
(708, 'test cron'),
(709, 'test cron'),
(710, 'test cron'),
(711, 'test cron'),
(712, 'test cron'),
(713, 'test cron'),
(714, 'test cron'),
(715, 'test cron'),
(716, 'test cron'),
(717, 'test cron'),
(718, 'test cron'),
(719, 'test cron'),
(720, 'test cron'),
(721, 'test cron'),
(722, 'test cron'),
(723, 'test cron'),
(724, 'test cron'),
(725, 'test cron'),
(726, 'test cron'),
(727, 'test cron'),
(728, 'test cron'),
(729, 'test cron'),
(730, 'test cron'),
(731, 'test cron'),
(732, 'test cron'),
(733, 'test cron'),
(734, 'test cron'),
(735, 'test cron'),
(736, 'test cron'),
(737, 'test cron'),
(738, 'test cron'),
(739, 'test cron'),
(740, 'test cron'),
(741, 'test cron'),
(742, 'test cron'),
(743, 'test cron'),
(744, 'test cron'),
(745, 'test cron'),
(746, 'test cron'),
(747, 'test cron'),
(748, 'test cron'),
(749, 'test cron'),
(750, 'test cron'),
(751, 'test cron'),
(752, 'test cron'),
(753, 'test cron'),
(754, 'test cron'),
(755, 'test cron'),
(756, 'test cron'),
(757, 'test cron'),
(758, 'test cron'),
(759, 'test cron'),
(760, 'test cron'),
(761, 'test cron'),
(762, 'test cron'),
(763, 'test cron'),
(764, 'test cron'),
(765, 'test cron'),
(766, 'test cron'),
(767, 'test cron'),
(768, 'test cron'),
(769, 'test cron'),
(770, 'test cron'),
(771, 'test cron'),
(772, 'test cron'),
(773, 'test cron'),
(774, 'test cron'),
(775, 'test cron'),
(776, 'test cron'),
(777, 'test cron'),
(778, 'test cron'),
(779, 'test cron'),
(780, 'test cron'),
(781, 'test cron'),
(782, 'test cron'),
(783, 'test cron'),
(784, 'test cron'),
(785, 'test cron'),
(786, 'test cron'),
(787, 'test cron'),
(788, 'test cron'),
(789, 'test cron'),
(790, 'test cron'),
(791, 'test cron'),
(792, 'test cron'),
(793, 'test cron'),
(794, 'test cron'),
(795, 'test cron'),
(796, 'test cron'),
(797, 'test cron'),
(798, 'test cron'),
(799, 'test cron'),
(800, 'test cron'),
(801, 'test cron'),
(802, 'test cron'),
(803, 'test cron'),
(804, 'test cron'),
(805, 'test cron'),
(806, 'test cron'),
(807, 'test cron'),
(808, 'test cron'),
(809, 'test cron'),
(810, 'test cron'),
(811, 'test cron'),
(812, 'test cron'),
(813, 'test cron'),
(814, 'test cron'),
(815, 'test cron'),
(816, 'test cron'),
(817, 'test cron'),
(818, 'test cron'),
(819, 'test cron'),
(820, 'test cron'),
(821, 'test cron'),
(822, 'test cron'),
(823, 'test cron'),
(824, 'test cron'),
(825, 'test cron'),
(826, 'test cron'),
(827, 'test cron'),
(828, 'test cron'),
(829, 'test cron'),
(830, 'test cron'),
(831, 'test cron'),
(832, 'test cron'),
(833, 'test cron'),
(834, 'test cron'),
(835, 'test cron'),
(836, 'test cron'),
(837, 'test cron'),
(838, 'test cron'),
(839, 'test cron'),
(840, 'test cron'),
(841, 'test cron'),
(842, 'test cron'),
(843, 'test cron'),
(844, 'test cron'),
(845, 'test cron'),
(846, 'test cron'),
(847, 'test cron'),
(848, 'test cron'),
(849, 'test cron'),
(850, 'test cron'),
(851, 'test cron'),
(852, 'test cron'),
(853, 'test cron'),
(854, 'test cron'),
(855, 'test cron'),
(856, 'test cron'),
(857, 'test cron'),
(858, 'test cron'),
(859, 'test cron'),
(860, 'test cron'),
(861, 'test cron'),
(862, 'test cron'),
(863, 'test cron'),
(864, 'test cron'),
(865, 'test cron'),
(866, 'test cron'),
(867, 'test cron'),
(868, 'test cron'),
(869, 'test cron'),
(870, 'test cron'),
(871, 'test cron'),
(872, 'test cron'),
(873, 'test cron'),
(874, 'test cron'),
(875, 'test cron'),
(876, 'test cron'),
(877, 'test cron'),
(878, 'test cron'),
(879, 'test cron'),
(880, 'test cron'),
(881, 'test cron'),
(882, 'test cron'),
(883, 'test cron'),
(884, 'test cron'),
(885, 'test cron'),
(886, 'test cron'),
(887, 'test cron'),
(888, 'test cron'),
(889, 'test cron'),
(890, 'test cron'),
(891, 'test cron'),
(892, 'test cron'),
(893, 'test cron'),
(894, 'test cron'),
(895, 'test cron'),
(896, 'test cron'),
(897, 'test cron'),
(898, 'test cron'),
(899, 'test cron'),
(900, 'test cron'),
(901, 'test cron'),
(902, 'test cron'),
(903, 'test cron'),
(904, 'test cron'),
(905, 'test cron'),
(906, 'test cron'),
(907, 'test cron'),
(908, 'test cron'),
(909, 'test cron'),
(910, 'test cron'),
(911, 'test cron'),
(912, 'test cron'),
(913, 'test cron'),
(914, 'test cron'),
(915, 'test cron'),
(916, 'test cron'),
(917, 'test cron'),
(918, 'test cron'),
(919, 'test cron'),
(920, 'test cron'),
(921, 'test cron'),
(922, 'test cron'),
(923, 'test cron'),
(924, 'test cron'),
(925, 'test cron'),
(926, 'test cron'),
(927, 'test cron'),
(928, 'test cron'),
(929, 'test cron'),
(930, 'test cron'),
(931, 'test cron'),
(932, 'test cron'),
(933, 'test cron'),
(934, 'test cron'),
(935, 'test cron'),
(936, 'test cron'),
(937, 'test cron'),
(938, 'test cron'),
(939, 'test cron'),
(940, 'test cron'),
(941, 'test cron'),
(942, 'test cron'),
(943, 'test cron'),
(944, 'test cron'),
(945, 'test cron'),
(946, 'test cron'),
(947, 'test cron'),
(948, 'test cron'),
(949, 'test cron'),
(950, 'test cron'),
(951, 'test cron'),
(952, 'test cron'),
(953, 'test cron'),
(954, 'test cron'),
(955, 'test cron'),
(956, 'test cron'),
(957, 'test cron'),
(958, 'test cron'),
(959, 'test cron'),
(960, 'test cron'),
(961, 'test cron'),
(962, 'test cron'),
(963, 'test cron'),
(964, 'test cron'),
(965, 'test cron'),
(966, 'test cron'),
(967, 'test cron'),
(968, 'test cron'),
(969, 'test cron'),
(970, 'test cron'),
(971, 'test cron'),
(972, 'test cron'),
(973, 'test cron'),
(974, 'test cron'),
(975, 'test cron'),
(976, 'test cron'),
(977, 'test cron'),
(978, 'test cron'),
(979, 'test cron'),
(980, 'test cron'),
(981, 'test cron'),
(982, 'test cron'),
(983, 'test cron'),
(984, 'test cron'),
(985, 'test cron'),
(986, 'test cron'),
(987, 'test cron'),
(988, 'test cron'),
(989, 'test cron'),
(990, 'test cron'),
(991, 'test cron'),
(992, 'test cron'),
(993, 'test cron'),
(994, 'test cron'),
(995, 'test cron'),
(996, 'test cron'),
(997, 'test cron'),
(998, 'test cron'),
(999, 'test cron'),
(1000, 'test cron'),
(1001, 'test cron'),
(1002, 'test cron'),
(1003, 'test cron'),
(1004, 'test cron'),
(1005, 'test cron'),
(1006, 'test cron'),
(1007, 'test cron'),
(1008, 'test cron'),
(1009, 'test cron'),
(1010, 'test cron'),
(1011, 'test cron'),
(1012, 'test cron'),
(1013, 'test cron'),
(1014, 'test cron'),
(1015, 'test cron'),
(1016, 'test cron'),
(1017, 'test cron'),
(1018, 'test cron'),
(1019, 'test cron'),
(1020, 'test cron'),
(1021, 'test cron'),
(1022, 'test cron'),
(1023, 'test cron'),
(1024, 'test cron'),
(1025, 'test cron'),
(1026, 'test cron'),
(1027, 'test cron'),
(1028, 'test cron'),
(1029, 'test cron'),
(1030, 'test cron'),
(1031, 'test cron'),
(1032, 'test cron'),
(1033, 'test cron'),
(1034, 'test cron'),
(1035, 'test cron'),
(1036, 'test cron'),
(1037, 'test cron'),
(1038, 'test cron'),
(1039, 'test cron'),
(1040, 'test cron'),
(1041, 'test cron'),
(1042, 'test cron'),
(1043, 'test cron'),
(1044, 'test cron'),
(1045, 'test cron'),
(1046, 'test cron'),
(1047, 'test cron'),
(1048, 'test cron'),
(1049, 'test cron'),
(1050, 'test cron'),
(1051, 'test cron'),
(1052, 'test cron'),
(1053, 'test cron'),
(1054, 'test cron'),
(1055, 'test cron'),
(1056, 'test cron'),
(1057, 'test cron'),
(1058, 'test cron'),
(1059, 'test cron'),
(1060, 'test cron'),
(1061, 'test cron'),
(1062, 'test cron'),
(1063, 'test cron'),
(1064, 'test cron'),
(1065, 'test cron'),
(1066, 'test cron'),
(1067, 'test cron'),
(1068, 'test cron'),
(1069, 'test cron'),
(1070, 'test cron'),
(1071, 'test cron'),
(1072, 'test cron'),
(1073, 'test cron'),
(1074, 'test cron'),
(1075, 'test cron'),
(1076, 'test cron'),
(1077, 'test cron'),
(1078, 'test cron'),
(1079, 'test cron'),
(1080, 'test cron'),
(1081, 'test cron'),
(1082, 'test cron'),
(1083, 'test cron'),
(1084, 'test cron'),
(1085, 'test cron'),
(1086, 'test cron'),
(1087, 'test cron'),
(1088, 'test cron'),
(1089, 'test cron'),
(1090, 'test cron'),
(1091, 'test cron'),
(1092, 'test cron'),
(1093, 'test cron'),
(1094, 'test cron'),
(1095, 'test cron'),
(1096, 'test cron'),
(1097, 'test cron'),
(1098, 'test cron'),
(1099, 'test cron'),
(1100, 'test cron'),
(1101, 'test cron'),
(1102, 'test cron'),
(1103, 'test cron'),
(1104, 'test cron'),
(1105, 'test cron'),
(1106, 'test cron'),
(1107, 'test cron'),
(1108, 'test cron'),
(1109, 'test cron'),
(1110, 'test cron'),
(1111, 'test cron'),
(1112, 'test cron'),
(1113, 'test cron'),
(1114, 'test cron'),
(1115, 'test cron'),
(1116, 'test cron'),
(1117, 'test cron'),
(1118, 'test cron'),
(1119, 'test cron'),
(1120, 'test cron'),
(1121, 'test cron'),
(1122, 'test cron'),
(1123, 'test cron'),
(1124, 'test cron'),
(1125, 'test cron'),
(1126, 'test cron'),
(1127, 'test cron'),
(1128, 'test cron'),
(1129, 'test cron'),
(1130, 'test cron'),
(1131, 'test cron'),
(1132, 'test cron'),
(1133, 'test cron'),
(1134, 'test cron'),
(1135, 'test cron'),
(1136, 'test cron'),
(1137, 'test cron'),
(1138, 'test cron'),
(1139, 'test cron'),
(1140, 'test cron'),
(1141, 'test cron'),
(1142, 'test cron'),
(1143, 'test cron'),
(1144, 'test cron'),
(1145, 'test cron'),
(1146, 'test cron'),
(1147, 'test cron'),
(1148, 'test cron'),
(1149, 'test cron'),
(1150, 'test cron'),
(1151, 'test cron'),
(1152, 'test cron'),
(1153, 'test cron'),
(1154, 'test cron'),
(1155, 'test cron'),
(1156, 'test cron'),
(1157, 'test cron'),
(1158, 'test cron'),
(1159, 'test cron'),
(1160, 'test cron'),
(1161, 'test cron'),
(1162, 'test cron'),
(1163, 'test cron'),
(1164, 'test cron'),
(1165, 'test cron'),
(1166, 'test cron'),
(1167, 'test cron'),
(1168, 'test cron'),
(1169, 'test cron'),
(1170, 'test cron'),
(1171, 'test cron'),
(1172, 'test cron'),
(1173, 'test cron'),
(1174, 'test cron'),
(1175, 'test cron'),
(1176, 'test cron'),
(1177, 'test cron'),
(1178, 'test cron'),
(1179, 'test cron'),
(1180, 'test cron'),
(1181, 'test cron'),
(1182, 'test cron'),
(1183, 'test cron'),
(1184, 'test cron'),
(1185, 'test cron'),
(1186, 'test cron'),
(1187, 'test cron'),
(1188, 'test cron'),
(1189, 'test cron'),
(1190, 'test cron'),
(1191, 'test cron'),
(1192, 'test cron'),
(1193, 'test cron'),
(1194, 'test cron'),
(1195, 'test cron'),
(1196, 'test cron'),
(1197, 'test cron'),
(1198, 'test cron'),
(1199, 'test cron'),
(1200, 'test cron'),
(1201, 'test cron'),
(1202, 'test cron'),
(1203, 'test cron'),
(1204, 'test cron'),
(1205, 'test cron'),
(1206, 'test cron'),
(1207, 'test cron'),
(1208, 'test cron'),
(1209, 'test cron'),
(1210, 'test cron'),
(1211, 'test cron'),
(1212, 'test cron'),
(1213, 'test cron'),
(1214, 'test cron'),
(1215, 'test cron'),
(1216, 'test cron'),
(1217, 'test cron'),
(1218, 'test cron'),
(1219, 'test cron'),
(1220, 'test cron'),
(1221, 'test cron'),
(1222, 'test cron'),
(1223, 'test cron'),
(1224, 'test cron'),
(1225, 'test cron'),
(1226, 'test cron'),
(1227, 'test cron'),
(1228, 'test cron'),
(1229, 'test cron'),
(1230, 'test cron'),
(1231, 'test cron'),
(1232, 'test cron'),
(1233, 'test cron'),
(1234, 'test cron'),
(1235, 'test cron'),
(1236, 'test cron'),
(1237, 'test cron'),
(1238, 'test cron'),
(1239, 'test cron'),
(1240, 'test cron'),
(1241, 'test cron'),
(1242, 'test cron'),
(1243, 'test cron'),
(1244, 'test cron'),
(1245, 'test cron'),
(1246, 'test cron'),
(1247, 'test cron'),
(1248, 'test cron'),
(1249, 'test cron'),
(1250, 'test cron'),
(1251, 'test cron'),
(1252, 'test cron'),
(1253, 'test cron'),
(1254, 'test cron'),
(1255, 'test cron'),
(1256, 'test cron'),
(1257, 'test cron'),
(1258, 'test cron'),
(1259, 'test cron'),
(1260, 'test cron'),
(1261, 'test cron'),
(1262, 'test cron'),
(1263, 'test cron'),
(1264, 'test cron'),
(1265, 'test cron'),
(1266, 'test cron'),
(1267, 'test cron'),
(1268, 'test cron'),
(1269, 'test cron'),
(1270, 'test cron'),
(1271, 'test cron'),
(1272, 'test cron'),
(1273, 'test cron'),
(1274, 'test cron'),
(1275, 'test cron'),
(1276, 'test cron'),
(1277, 'test cron'),
(1278, 'test cron'),
(1279, 'test cron'),
(1280, 'test cron'),
(1281, 'test cron'),
(1282, 'test cron'),
(1283, 'test cron'),
(1284, 'test cron'),
(1285, 'test cron'),
(1286, 'test cron'),
(1287, 'test cron'),
(1288, 'test cron'),
(1289, 'test cron'),
(1290, 'test cron'),
(1291, 'test cron'),
(1292, 'test cron'),
(1293, 'test cron'),
(1294, 'test cron'),
(1295, 'test cron'),
(1296, 'test cron'),
(1297, 'test cron'),
(1298, 'test cron'),
(1299, 'test cron'),
(1300, 'test cron'),
(1301, 'test cron'),
(1302, 'test cron'),
(1303, 'test cron'),
(1304, 'test cron'),
(1305, 'test cron'),
(1306, 'test cron'),
(1307, 'test cron'),
(1308, 'test cron'),
(1309, 'test cron'),
(1310, 'test cron'),
(1311, 'test cron'),
(1312, 'test cron'),
(1313, 'test cron'),
(1314, 'test cron'),
(1315, 'test cron'),
(1316, 'test cron'),
(1317, 'test cron'),
(1318, 'test cron'),
(1319, 'test cron'),
(1320, 'test cron'),
(1321, 'test cron'),
(1322, 'test cron'),
(1323, 'test cron'),
(1324, 'test cron'),
(1325, 'test cron'),
(1326, 'test cron'),
(1327, 'test cron'),
(1328, 'test cron'),
(1329, 'test cron'),
(1330, 'test cron'),
(1331, 'test cron'),
(1332, 'test cron'),
(1333, 'test cron'),
(1334, 'test cron'),
(1335, 'test cron'),
(1336, 'test cron'),
(1337, 'test cron'),
(1338, 'test cron'),
(1339, 'test cron'),
(1340, 'test cron'),
(1341, 'test cron'),
(1342, 'test cron'),
(1343, 'test cron'),
(1344, 'test cron'),
(1345, 'test cron'),
(1346, 'test cron'),
(1347, 'test cron'),
(1348, 'test cron'),
(1349, 'test cron'),
(1350, 'test cron'),
(1351, 'test cron'),
(1352, 'test cron'),
(1353, 'test cron'),
(1354, 'test cron'),
(1355, 'test cron'),
(1356, 'test cron'),
(1357, 'test cron'),
(1358, 'test cron'),
(1359, 'test cron'),
(1360, 'test cron'),
(1361, 'test cron'),
(1362, 'test cron'),
(1363, 'test cron'),
(1364, 'test cron'),
(1365, 'test cron'),
(1366, 'test cron'),
(1367, 'test cron'),
(1368, 'test cron'),
(1369, 'test cron'),
(1370, 'test cron'),
(1371, 'test cron'),
(1372, 'test cron'),
(1373, 'test cron'),
(1374, 'test cron'),
(1375, 'test cron'),
(1376, 'test cron'),
(1377, 'test cron'),
(1378, 'test cron'),
(1379, 'test cron'),
(1380, 'test cron'),
(1381, 'test cron'),
(1382, 'test cron'),
(1383, 'test cron'),
(1384, 'test cron'),
(1385, 'test cron'),
(1386, 'test cron'),
(1387, 'test cron'),
(1388, 'test cron'),
(1389, 'test cron'),
(1390, 'test cron'),
(1391, 'test cron'),
(1392, 'test cron'),
(1393, 'test cron'),
(1394, 'test cron'),
(1395, 'test cron'),
(1396, 'test cron'),
(1397, 'test cron'),
(1398, 'test cron'),
(1399, 'test cron'),
(1400, 'test cron'),
(1401, 'test cron'),
(1402, 'test cron'),
(1403, 'test cron'),
(1404, 'test cron'),
(1405, 'test cron'),
(1406, 'test cron'),
(1407, 'test cron'),
(1408, 'test cron'),
(1409, 'test cron'),
(1410, 'test cron'),
(1411, 'test cron'),
(1412, 'test cron'),
(1413, 'test cron'),
(1414, 'test cron'),
(1415, 'test cron'),
(1416, 'test cron'),
(1417, 'test cron'),
(1418, 'test cron'),
(1419, 'test cron'),
(1420, 'test cron'),
(1421, 'test cron'),
(1422, 'test cron'),
(1423, 'test cron'),
(1424, 'test cron'),
(1425, 'test cron'),
(1426, 'test cron'),
(1427, 'test cron'),
(1428, 'test cron'),
(1429, 'test cron'),
(1430, 'test cron'),
(1431, 'test cron'),
(1432, 'test cron'),
(1433, 'test cron'),
(1434, 'test cron'),
(1435, 'test cron'),
(1436, 'test cron'),
(1437, 'test cron'),
(1438, 'test cron'),
(1439, 'test cron'),
(1440, 'test cron'),
(1441, 'test cron'),
(1442, 'test cron'),
(1443, 'test cron'),
(1444, 'test cron'),
(1445, 'test cron'),
(1446, 'test cron'),
(1447, 'test cron'),
(1448, 'test cron'),
(1449, 'test cron'),
(1450, 'test cron'),
(1451, 'test cron'),
(1452, 'test cron'),
(1453, 'test cron'),
(1454, 'test cron'),
(1455, 'test cron'),
(1456, 'test cron'),
(1457, 'test cron'),
(1458, 'test cron'),
(1459, 'test cron'),
(1460, 'test cron'),
(1461, 'test cron'),
(1462, 'test cron'),
(1463, 'test cron'),
(1464, 'test cron'),
(1465, 'test cron'),
(1466, 'test cron'),
(1467, 'test cron'),
(1468, 'test cron'),
(1469, 'test cron'),
(1470, 'test cron'),
(1471, 'test cron'),
(1472, 'test cron'),
(1473, 'test cron'),
(1474, 'test cron'),
(1475, 'test cron'),
(1476, 'test cron'),
(1477, 'test cron'),
(1478, 'test cron'),
(1479, 'test cron'),
(1480, 'test cron'),
(1481, 'test cron'),
(1482, 'test cron'),
(1483, 'test cron'),
(1484, 'test cron'),
(1485, 'test cron'),
(1486, 'test cron'),
(1487, 'test cron'),
(1488, 'test cron'),
(1489, 'test cron'),
(1490, 'test cron'),
(1491, 'test cron'),
(1492, 'test cron'),
(1493, 'test cron'),
(1494, 'test cron'),
(1495, 'test cron'),
(1496, 'test cron'),
(1497, 'test cron'),
(1498, 'test cron'),
(1499, 'test cron'),
(1500, 'test cron'),
(1501, 'test cron'),
(1502, 'test cron'),
(1503, 'test cron'),
(1504, 'test cron'),
(1505, 'test cron'),
(1506, 'test cron'),
(1507, 'test cron'),
(1508, 'test cron'),
(1509, 'test cron'),
(1510, 'test cron'),
(1511, 'test cron'),
(1512, 'test cron'),
(1513, 'test cron'),
(1514, 'test cron'),
(1515, 'test cron'),
(1516, 'test cron'),
(1517, 'test cron'),
(1518, 'test cron'),
(1519, 'test cron'),
(1520, 'test cron'),
(1521, 'test cron'),
(1522, 'test cron'),
(1523, 'test cron'),
(1524, 'test cron'),
(1525, 'test cron'),
(1526, 'test cron'),
(1527, 'test cron'),
(1528, 'test cron'),
(1529, 'test cron'),
(1530, 'test cron'),
(1531, 'test cron'),
(1532, 'test cron'),
(1533, 'test cron'),
(1534, 'test cron'),
(1535, 'test cron'),
(1536, 'test cron'),
(1537, 'test cron'),
(1538, 'test cron'),
(1539, 'test cron'),
(1540, 'test cron'),
(1541, 'test cron'),
(1542, 'test cron'),
(1543, 'test cron'),
(1544, 'test cron'),
(1545, 'test cron'),
(1546, 'test cron'),
(1547, 'test cron'),
(1548, 'test cron'),
(1549, 'test cron'),
(1550, 'test cron'),
(1551, 'test cron'),
(1552, 'test cron'),
(1553, 'test cron'),
(1554, 'test cron'),
(1555, 'test cron'),
(1556, 'test cron'),
(1557, 'test cron'),
(1558, 'test cron'),
(1559, 'test cron'),
(1560, 'test cron'),
(1561, 'test cron'),
(1562, 'test cron'),
(1563, 'test cron'),
(1564, 'test cron'),
(1565, 'test cron'),
(1566, 'test cron'),
(1567, 'test cron'),
(1568, 'test cron'),
(1569, 'test cron'),
(1570, 'test cron'),
(1571, 'test cron'),
(1572, 'test cron'),
(1573, 'test cron'),
(1574, 'test cron'),
(1575, 'test cron'),
(1576, 'test cron'),
(1577, 'test cron'),
(1578, 'test cron'),
(1579, 'test cron'),
(1580, 'test cron'),
(1581, 'test cron'),
(1582, 'test cron'),
(1583, 'test cron'),
(1584, 'test cron'),
(1585, 'test cron'),
(1586, 'test cron'),
(1587, 'test cron'),
(1588, 'test cron'),
(1589, 'test cron'),
(1590, 'test cron'),
(1591, 'test cron'),
(1592, 'test cron'),
(1593, 'test cron'),
(1594, 'test cron'),
(1595, 'test cron'),
(1596, 'test cron'),
(1597, 'test cron'),
(1598, 'test cron'),
(1599, 'test cron'),
(1600, 'test cron'),
(1601, 'test cron'),
(1602, 'test cron'),
(1603, 'test cron'),
(1604, 'test cron'),
(1605, 'test cron'),
(1606, 'test cron'),
(1607, 'test cron'),
(1608, 'test cron'),
(1609, 'test cron'),
(1610, 'test cron'),
(1611, 'test cron'),
(1612, 'test cron'),
(1613, 'test cron'),
(1614, 'test cron'),
(1615, 'test cron'),
(1616, 'test cron'),
(1617, 'test cron'),
(1618, 'test cron'),
(1619, 'test cron'),
(1620, 'test cron'),
(1621, 'test cron'),
(1622, 'test cron'),
(1623, 'test cron'),
(1624, 'test cron'),
(1625, 'test cron'),
(1626, 'test cron'),
(1627, 'test cron'),
(1628, 'test cron'),
(1629, 'test cron'),
(1630, 'test cron'),
(1631, 'test cron'),
(1632, 'test cron'),
(1633, 'test cron'),
(1634, 'test cron'),
(1635, 'test cron'),
(1636, 'test cron'),
(1637, 'test cron'),
(1638, 'test cron'),
(1639, 'test cron'),
(1640, 'test cron'),
(1641, 'test cron'),
(1642, 'test cron'),
(1643, 'test cron'),
(1644, 'test cron'),
(1645, 'test cron'),
(1646, 'test cron'),
(1647, 'test cron'),
(1648, 'test cron'),
(1649, 'test cron'),
(1650, 'test cron'),
(1651, 'test cron'),
(1652, 'test cron'),
(1653, 'test cron'),
(1654, 'test cron'),
(1655, 'test cron'),
(1656, 'test cron'),
(1657, 'test cron'),
(1658, 'test cron'),
(1659, 'test cron'),
(1660, 'test cron'),
(1661, 'test cron'),
(1662, 'test cron'),
(1663, 'test cron'),
(1664, 'test cron'),
(1665, 'test cron'),
(1666, 'test cron'),
(1667, 'test cron'),
(1668, 'test cron'),
(1669, 'test cron'),
(1670, 'test cron'),
(1671, 'test cron'),
(1672, 'test cron'),
(1673, 'test cron'),
(1674, 'test cron'),
(1675, 'test cron'),
(1676, 'test cron'),
(1677, 'test cron'),
(1678, 'test cron'),
(1679, 'test cron'),
(1680, 'test cron'),
(1681, 'test cron'),
(1682, 'test cron'),
(1683, 'test cron'),
(1684, 'test cron'),
(1685, 'test cron'),
(1686, 'test cron'),
(1687, 'test cron'),
(1688, 'test cron'),
(1689, 'test cron'),
(1690, 'test cron'),
(1691, 'test cron'),
(1692, 'test cron'),
(1693, 'test cron'),
(1694, 'test cron'),
(1695, 'test cron'),
(1696, 'test cron'),
(1697, 'test cron'),
(1698, 'test cron'),
(1699, 'test cron'),
(1700, 'test cron'),
(1701, 'test cron'),
(1702, 'test cron'),
(1703, 'test cron'),
(1704, 'test cron'),
(1705, 'test cron'),
(1706, 'test cron'),
(1707, 'test cron'),
(1708, 'test cron'),
(1709, 'test cron'),
(1710, 'test cron'),
(1711, 'test cron'),
(1712, 'test cron'),
(1713, 'test cron'),
(1714, 'test cron'),
(1715, 'test cron'),
(1716, 'test cron'),
(1717, 'test cron'),
(1718, 'test cron'),
(1719, 'test cron'),
(1720, 'test cron'),
(1721, 'test cron'),
(1722, 'test cron'),
(1723, 'test cron'),
(1724, 'test cron'),
(1725, 'test cron'),
(1726, 'test cron'),
(1727, 'test cron'),
(1728, 'test cron'),
(1729, 'test cron'),
(1730, 'test cron'),
(1731, 'test cron'),
(1732, 'test cron'),
(1733, 'test cron'),
(1734, 'test cron'),
(1735, 'test cron'),
(1736, 'test cron'),
(1737, 'test cron'),
(1738, 'test cron'),
(1739, 'test cron'),
(1740, 'test cron'),
(1741, 'test cron'),
(1742, 'test cron'),
(1743, 'test cron'),
(1744, 'test cron'),
(1745, 'test cron'),
(1746, 'test cron'),
(1747, 'test cron'),
(1748, 'test cron'),
(1749, 'test cron'),
(1750, 'test cron'),
(1751, 'test cron'),
(1752, 'test cron'),
(1753, 'test cron'),
(1754, 'test cron'),
(1755, 'test cron'),
(1756, 'test cron'),
(1757, 'test cron'),
(1758, 'test cron'),
(1759, 'test cron'),
(1760, 'test cron'),
(1761, 'test cron'),
(1762, 'test cron'),
(1763, 'test cron'),
(1764, 'test cron'),
(1765, 'test cron'),
(1766, 'test cron'),
(1767, 'test cron'),
(1768, 'test cron'),
(1769, 'test cron'),
(1770, 'test cron'),
(1771, 'test cron'),
(1772, 'test cron'),
(1773, 'test cron'),
(1774, 'test cron'),
(1775, 'test cron'),
(1776, 'test cron'),
(1777, 'test cron'),
(1778, 'test cron'),
(1779, 'test cron'),
(1780, 'test cron'),
(1781, 'test cron'),
(1782, 'test cron'),
(1783, 'test cron'),
(1784, 'test cron'),
(1785, 'test cron'),
(1786, 'test cron'),
(1787, 'test cron'),
(1788, 'test cron'),
(1789, 'test cron'),
(1790, 'test cron'),
(1791, 'test cron'),
(1792, 'test cron'),
(1793, 'test cron'),
(1794, 'test cron'),
(1795, 'test cron'),
(1796, 'test cron'),
(1797, 'test cron'),
(1798, 'test cron'),
(1799, 'test cron'),
(1800, 'test cron'),
(1801, 'test cron'),
(1802, 'test cron'),
(1803, 'test cron'),
(1804, 'test cron'),
(1805, 'test cron'),
(1806, 'test cron'),
(1807, 'test cron'),
(1808, 'test cron'),
(1809, 'test cron'),
(1810, 'test cron'),
(1811, 'test cron'),
(1812, 'test cron'),
(1813, 'test cron'),
(1814, 'test cron'),
(1815, 'test cron'),
(1816, 'test cron'),
(1817, 'test cron'),
(1818, 'test cron'),
(1819, 'test cron'),
(1820, 'test cron'),
(1821, 'test cron'),
(1822, 'test cron'),
(1823, 'test cron'),
(1824, 'test cron'),
(1825, 'test cron'),
(1826, 'test cron'),
(1827, 'test cron'),
(1828, 'test cron'),
(1829, 'test cron'),
(1830, 'test cron'),
(1831, 'test cron'),
(1832, 'test cron'),
(1833, 'test cron'),
(1834, 'test cron'),
(1835, 'test cron'),
(1836, 'test cron'),
(1837, 'test cron'),
(1838, 'test cron'),
(1839, 'test cron'),
(1840, 'test cron'),
(1841, 'test cron'),
(1842, 'test cron'),
(1843, 'test cron'),
(1844, 'test cron'),
(1845, 'test cron'),
(1846, 'test cron'),
(1847, 'test cron'),
(1848, 'test cron'),
(1849, 'test cron'),
(1850, 'test cron'),
(1851, 'test cron'),
(1852, 'test cron'),
(1853, 'test cron'),
(1854, 'test cron'),
(1855, 'test cron'),
(1856, 'test cron'),
(1857, 'test cron'),
(1858, 'test cron'),
(1859, 'test cron'),
(1860, 'test cron'),
(1861, 'test cron'),
(1862, 'test cron'),
(1863, 'test cron'),
(1864, 'test cron'),
(1865, 'test cron'),
(1866, 'test cron'),
(1867, 'test cron'),
(1868, 'test cron'),
(1869, 'test cron'),
(1870, 'test cron'),
(1871, 'test cron'),
(1872, 'test cron'),
(1873, 'test cron'),
(1874, 'test cron'),
(1875, 'test cron'),
(1876, 'test cron'),
(1877, 'test cron'),
(1878, 'test cron'),
(1879, 'test cron'),
(1880, 'test cron'),
(1881, 'test cron'),
(1882, 'test cron'),
(1883, 'test cron'),
(1884, 'test cron'),
(1885, 'test cron'),
(1886, 'test cron'),
(1887, 'test cron'),
(1888, 'test cron'),
(1889, 'test cron'),
(1890, 'test cron'),
(1891, 'test cron'),
(1892, 'test cron'),
(1893, 'test cron'),
(1894, 'test cron'),
(1895, 'test cron'),
(1896, 'test cron'),
(1897, 'test cron'),
(1898, 'test cron'),
(1899, 'test cron'),
(1900, 'test cron'),
(1901, 'test cron'),
(1902, 'test cron'),
(1903, 'test cron'),
(1904, 'test cron'),
(1905, 'test cron'),
(1906, 'test cron'),
(1907, 'test cron'),
(1908, 'test cron'),
(1909, 'test cron'),
(1910, 'test cron'),
(1911, 'test cron'),
(1912, 'test cron'),
(1913, 'test cron'),
(1914, 'test cron'),
(1915, 'test cron'),
(1916, 'test cron'),
(1917, 'test cron'),
(1918, 'test cron'),
(1919, 'test cron'),
(1920, 'test cron'),
(1921, 'test cron'),
(1922, 'test cron'),
(1923, 'test cron'),
(1924, 'test cron'),
(1925, 'test cron'),
(1926, 'test cron'),
(1927, 'test cron'),
(1928, 'test cron'),
(1929, 'test cron'),
(1930, 'test cron'),
(1931, 'test cron'),
(1932, 'test cron'),
(1933, 'test cron'),
(1934, 'test cron'),
(1935, 'test cron'),
(1936, 'test cron'),
(1937, 'test cron'),
(1938, 'test cron'),
(1939, 'test cron'),
(1940, 'test cron'),
(1941, 'test cron'),
(1942, 'test cron'),
(1943, 'test cron'),
(1944, 'test cron'),
(1945, 'test cron'),
(1946, 'test cron'),
(1947, 'test cron'),
(1948, 'test cron'),
(1949, 'test cron'),
(1950, 'test cron'),
(1951, 'test cron'),
(1952, 'test cron'),
(1953, 'test cron'),
(1954, 'test cron'),
(1955, 'test cron'),
(1956, 'test cron'),
(1957, 'test cron'),
(1958, 'test cron'),
(1959, 'test cron'),
(1960, 'test cron'),
(1961, 'test cron'),
(1962, 'test cron'),
(1963, 'test cron'),
(1964, 'test cron'),
(1965, 'test cron'),
(1966, 'test cron'),
(1967, 'test cron'),
(1968, 'test cron'),
(1969, 'test cron'),
(1970, 'test cron'),
(1971, 'test cron'),
(1972, 'test cron'),
(1973, 'test cron'),
(1974, 'test cron'),
(1975, 'test cron'),
(1976, 'test cron'),
(1977, 'test cron'),
(1978, 'test cron'),
(1979, 'test cron'),
(1980, 'test cron'),
(1981, 'test cron'),
(1982, 'test cron'),
(1983, 'test cron'),
(1984, 'test cron'),
(1985, 'test cron'),
(1986, 'test cron'),
(1987, 'test cron'),
(1988, 'test cron'),
(1989, 'test cron'),
(1990, 'test cron'),
(1991, 'test cron'),
(1992, 'test cron'),
(1993, 'test cron'),
(1994, 'test cron'),
(1995, 'test cron'),
(1996, 'test cron'),
(1997, 'test cron'),
(1998, 'test cron'),
(1999, 'test cron'),
(2000, 'test cron'),
(2001, 'test cron'),
(2002, 'test cron'),
(2003, 'test cron'),
(2004, 'test cron'),
(2005, 'test cron'),
(2006, 'test cron'),
(2007, 'test cron'),
(2008, 'test cron'),
(2009, 'test cron'),
(2010, 'test cron'),
(2011, 'test cron'),
(2012, 'test cron'),
(2013, 'test cron'),
(2014, 'test cron'),
(2015, 'test cron'),
(2016, 'test cron'),
(2017, 'test cron'),
(2018, 'test cron'),
(2019, 'test cron'),
(2020, 'test cron'),
(2021, 'test cron'),
(2022, 'test cron'),
(2023, 'test cron'),
(2024, 'test cron'),
(2025, 'test cron'),
(2026, 'test cron'),
(2027, 'test cron'),
(2028, 'test cron'),
(2029, 'test cron'),
(2030, 'test cron'),
(2031, 'test cron'),
(2032, 'test cron'),
(2033, 'test cron'),
(2034, 'test cron'),
(2035, 'test cron'),
(2036, 'test cron'),
(2037, 'test cron'),
(2038, 'test cron'),
(2039, 'test cron'),
(2040, 'test cron'),
(2041, 'test cron'),
(2042, 'test cron'),
(2043, 'test cron'),
(2044, 'test cron'),
(2045, 'test cron'),
(2046, 'test cron'),
(2047, 'test cron'),
(2048, 'test cron'),
(2049, 'test cron'),
(2050, 'test cron'),
(2051, 'test cron'),
(2052, 'test cron'),
(2053, 'test cron'),
(2054, 'test cron'),
(2055, 'test cron'),
(2056, 'test cron'),
(2057, 'test cron'),
(2058, 'test cron'),
(2059, 'test cron'),
(2060, 'test cron'),
(2061, 'test cron'),
(2062, 'test cron'),
(2063, 'test cron'),
(2064, 'test cron'),
(2065, 'test cron'),
(2066, 'test cron'),
(2067, 'test cron'),
(2068, 'test cron'),
(2069, 'test cron'),
(2070, 'test cron'),
(2071, 'test cron'),
(2072, 'test cron'),
(2073, 'test cron'),
(2074, 'test cron'),
(2075, 'test cron'),
(2076, 'test cron'),
(2077, 'test cron'),
(2078, 'test cron'),
(2079, 'test cron'),
(2080, 'test cron'),
(2081, 'test cron'),
(2082, 'test cron'),
(2083, 'test cron'),
(2084, 'test cron'),
(2085, 'test cron'),
(2086, 'test cron'),
(2087, 'test cron'),
(2088, 'test cron'),
(2089, 'test cron'),
(2090, 'test cron'),
(2091, 'test cron'),
(2092, 'test cron'),
(2093, 'test cron'),
(2094, 'test cron'),
(2095, 'test cron'),
(2096, 'test cron'),
(2097, 'test cron'),
(2098, 'test cron'),
(2099, 'test cron'),
(2100, 'test cron'),
(2101, 'test cron'),
(2102, 'test cron'),
(2103, 'test cron'),
(2104, 'test cron'),
(2105, 'test cron'),
(2106, 'test cron'),
(2107, 'test cron'),
(2108, 'test cron'),
(2109, 'test cron'),
(2110, 'test cron'),
(2111, 'test cron'),
(2112, 'test cron'),
(2113, 'test cron'),
(2114, 'test cron'),
(2115, 'test cron'),
(2116, 'test cron'),
(2117, 'test cron'),
(2118, 'test cron'),
(2119, 'test cron'),
(2120, 'test cron'),
(2121, 'test cron'),
(2122, 'test cron'),
(2123, 'test cron'),
(2124, 'test cron'),
(2125, 'test cron'),
(2126, 'test cron'),
(2127, 'test cron'),
(2128, 'test cron'),
(2129, 'test cron'),
(2130, 'test cron'),
(2131, 'test cron'),
(2132, 'test cron'),
(2133, 'test cron'),
(2134, 'test cron'),
(2135, 'test cron'),
(2136, 'test cron'),
(2137, 'test cron'),
(2138, 'test cron'),
(2139, 'test cron'),
(2140, 'test cron'),
(2141, 'test cron'),
(2142, 'test cron'),
(2143, 'test cron'),
(2144, 'test cron'),
(2145, 'test cron'),
(2146, 'test cron'),
(2147, 'test cron'),
(2148, 'test cron'),
(2149, 'test cron'),
(2150, 'test cron'),
(2151, 'test cron'),
(2152, 'test cron'),
(2153, 'test cron'),
(2154, 'test cron'),
(2155, 'test cron'),
(2156, 'test cron'),
(2157, 'test cron'),
(2158, 'test cron'),
(2159, 'test cron'),
(2160, 'test cron'),
(2161, 'test cron'),
(2162, 'test cron'),
(2163, 'test cron'),
(2164, 'test cron'),
(2165, 'test cron'),
(2166, 'test cron'),
(2167, 'test cron'),
(2168, 'test cron'),
(2169, 'test cron'),
(2170, 'test cron'),
(2171, 'test cron'),
(2172, 'test cron'),
(2173, 'test cron'),
(2174, 'test cron'),
(2175, 'test cron'),
(2176, 'test cron'),
(2177, 'test cron'),
(2178, 'test cron'),
(2179, 'test cron'),
(2180, 'test cron'),
(2181, 'test cron'),
(2182, 'test cron'),
(2183, 'test cron'),
(2184, 'test cron'),
(2185, 'test cron'),
(2186, 'test cron'),
(2187, 'test cron'),
(2188, 'test cron'),
(2189, 'test cron'),
(2190, 'test cron'),
(2191, 'test cron'),
(2192, 'test cron'),
(2193, 'test cron'),
(2194, 'test cron'),
(2195, 'test cron'),
(2196, 'test cron'),
(2197, 'test cron'),
(2198, 'test cron'),
(2199, 'test cron'),
(2200, 'test cron'),
(2201, 'test cron'),
(2202, 'test cron'),
(2203, 'test cron'),
(2204, 'test cron'),
(2205, 'test cron'),
(2206, 'test cron'),
(2207, 'test cron'),
(2208, 'test cron'),
(2209, 'test cron'),
(2210, 'test cron'),
(2211, 'test cron'),
(2212, 'test cron'),
(2213, 'test cron'),
(2214, 'test cron'),
(2215, 'test cron'),
(2216, 'test cron'),
(2217, 'test cron'),
(2218, 'test cron'),
(2219, 'test cron'),
(2220, 'test cron'),
(2221, 'test cron'),
(2222, 'test cron'),
(2223, 'test cron'),
(2224, 'test cron'),
(2225, 'test cron'),
(2226, 'test cron'),
(2227, 'test cron'),
(2228, 'test cron'),
(2229, 'test cron'),
(2230, 'test cron'),
(2231, 'test cron'),
(2232, 'test cron'),
(2233, 'test cron'),
(2234, 'test cron'),
(2235, 'test cron'),
(2236, 'test cron'),
(2237, 'test cron'),
(2238, 'test cron'),
(2239, 'test cron'),
(2240, 'test cron'),
(2241, 'test cron'),
(2242, 'test cron'),
(2243, 'test cron'),
(2244, 'test cron'),
(2245, 'test cron'),
(2246, 'test cron'),
(2247, 'test cron'),
(2248, 'test cron'),
(2249, 'test cron'),
(2250, 'test cron'),
(2251, 'test cron'),
(2252, 'test cron'),
(2253, 'test cron'),
(2254, 'test cron'),
(2255, 'test cron'),
(2256, 'test cron'),
(2257, 'test cron'),
(2258, 'test cron'),
(2259, 'test cron'),
(2260, 'test cron'),
(2261, 'test cron'),
(2262, 'test cron'),
(2263, 'test cron'),
(2264, 'test cron'),
(2265, 'test cron'),
(2266, 'test cron'),
(2267, 'test cron'),
(2268, 'test cron'),
(2269, 'test cron'),
(2270, 'test cron'),
(2271, 'test cron'),
(2272, 'test cron'),
(2273, 'test cron'),
(2274, 'test cron'),
(2275, 'test cron'),
(2276, 'test cron'),
(2277, 'test cron'),
(2278, 'test cron'),
(2279, 'test cron'),
(2280, 'test cron'),
(2281, 'test cron'),
(2282, 'test cron'),
(2283, 'test cron'),
(2284, 'test cron'),
(2285, 'test cron'),
(2286, 'test cron'),
(2287, 'test cron'),
(2288, 'test cron'),
(2289, 'test cron'),
(2290, 'test cron'),
(2291, 'test cron'),
(2292, 'test cron'),
(2293, 'test cron'),
(2294, 'test cron'),
(2295, 'test cron'),
(2296, 'test cron'),
(2297, 'test cron'),
(2298, 'test cron'),
(2299, 'test cron'),
(2300, 'test cron'),
(2301, 'test cron'),
(2302, 'test cron'),
(2303, 'test cron'),
(2304, 'test cron'),
(2305, 'test cron'),
(2306, 'test cron'),
(2307, 'test cron'),
(2308, 'test cron'),
(2309, 'test cron'),
(2310, 'test cron'),
(2311, 'test cron'),
(2312, 'test cron'),
(2313, 'test cron'),
(2314, 'test cron'),
(2315, 'test cron'),
(2316, 'test cron'),
(2317, 'test cron'),
(2318, 'test cron'),
(2319, 'test cron'),
(2320, 'test cron'),
(2321, 'test cron'),
(2322, 'test cron'),
(2323, 'test cron'),
(2324, 'test cron'),
(2325, 'test cron'),
(2326, 'test cron'),
(2327, 'test cron'),
(2328, 'test cron'),
(2329, 'test cron'),
(2330, 'test cron'),
(2331, 'test cron'),
(2332, 'test cron'),
(2333, 'test cron'),
(2334, 'test cron'),
(2335, 'test cron'),
(2336, 'test cron'),
(2337, 'test cron'),
(2338, 'test cron'),
(2339, 'test cron'),
(2340, 'test cron'),
(2341, 'test cron'),
(2342, 'test cron'),
(2343, 'test cron'),
(2344, 'test cron'),
(2345, 'test cron'),
(2346, 'test cron'),
(2347, 'test cron'),
(2348, 'test cron'),
(2349, 'test cron'),
(2350, 'test cron'),
(2351, 'test cron'),
(2352, 'test cron'),
(2353, 'test cron'),
(2354, 'test cron'),
(2355, 'test cron'),
(2356, 'test cron'),
(2357, 'test cron'),
(2358, 'test cron'),
(2359, 'test cron'),
(2360, 'test cron'),
(2361, 'test cron'),
(2362, 'test cron'),
(2363, 'test cron'),
(2364, 'test cron'),
(2365, 'test cron'),
(2366, 'test cron'),
(2367, 'test cron'),
(2368, 'test cron'),
(2369, 'test cron'),
(2370, 'test cron'),
(2371, 'test cron'),
(2372, 'test cron'),
(2373, 'test cron'),
(2374, 'test cron'),
(2375, 'test cron'),
(2376, 'test cron'),
(2377, 'test cron'),
(2378, 'test cron'),
(2379, 'test cron'),
(2380, 'test cron'),
(2381, 'test cron'),
(2382, 'test cron'),
(2383, 'test cron'),
(2384, 'test cron'),
(2385, 'test cron'),
(2386, 'test cron'),
(2387, 'test cron'),
(2388, 'test cron'),
(2389, 'test cron'),
(2390, 'test cron'),
(2391, 'test cron'),
(2392, 'test cron'),
(2393, 'test cron'),
(2394, 'test cron'),
(2395, 'test cron'),
(2396, 'test cron'),
(2397, 'test cron'),
(2398, 'test cron'),
(2399, 'test cron'),
(2400, 'test cron'),
(2401, 'test cron'),
(2402, 'test cron'),
(2403, 'test cron'),
(2404, 'test cron'),
(2405, 'test cron'),
(2406, 'test cron'),
(2407, 'test cron'),
(2408, 'test cron'),
(2409, 'test cron'),
(2410, 'test cron'),
(2411, 'test cron'),
(2412, 'test cron'),
(2413, 'test cron'),
(2414, 'test cron'),
(2415, 'test cron'),
(2416, 'test cron'),
(2417, 'test cron'),
(2418, 'test cron'),
(2419, 'test cron'),
(2420, 'test cron'),
(2421, 'test cron'),
(2422, 'test cron'),
(2423, 'test cron'),
(2424, 'test cron'),
(2425, 'test cron'),
(2426, 'test cron'),
(2427, 'test cron'),
(2428, 'test cron'),
(2429, 'test cron'),
(2430, 'test cron'),
(2431, 'test cron'),
(2432, 'test cron'),
(2433, 'test cron'),
(2434, 'test cron'),
(2435, 'test cron'),
(2436, 'test cron'),
(2437, 'test cron'),
(2438, 'test cron'),
(2439, 'test cron'),
(2440, 'test cron'),
(2441, 'test cron'),
(2442, 'test cron'),
(2443, 'test cron'),
(2444, 'test cron'),
(2445, 'test cron'),
(2446, 'test cron'),
(2447, 'test cron'),
(2448, 'test cron'),
(2449, 'test cron'),
(2450, 'test cron'),
(2451, 'test cron'),
(2452, 'test cron'),
(2453, 'test cron'),
(2454, 'test cron'),
(2455, 'test cron'),
(2456, 'test cron'),
(2457, 'test cron'),
(2458, 'test cron'),
(2459, 'test cron'),
(2460, 'test cron'),
(2461, 'test cron'),
(2462, 'test cron'),
(2463, 'test cron'),
(2464, 'test cron'),
(2465, 'test cron'),
(2466, 'test cron'),
(2467, 'test cron'),
(2468, 'test cron'),
(2469, 'test cron'),
(2470, 'test cron'),
(2471, 'test cron'),
(2472, 'test cron'),
(2473, 'test cron'),
(2474, 'test cron'),
(2475, 'test cron'),
(2476, 'test cron'),
(2477, 'test cron'),
(2478, 'test cron'),
(2479, 'test cron'),
(2480, 'test cron'),
(2481, 'test cron'),
(2482, 'test cron'),
(2483, 'test cron'),
(2484, 'test cron'),
(2485, 'test cron'),
(2486, 'test cron'),
(2487, 'test cron'),
(2488, 'test cron'),
(2489, 'test cron'),
(2490, 'test cron'),
(2491, 'test cron'),
(2492, 'test cron'),
(2493, 'test cron'),
(2494, 'test cron'),
(2495, 'test cron'),
(2496, 'test cron'),
(2497, 'test cron'),
(2498, 'test cron'),
(2499, 'test cron'),
(2500, 'test cron'),
(2501, 'test cron'),
(2502, 'test cron'),
(2503, 'test cron'),
(2504, 'test cron'),
(2505, 'test cron'),
(2506, 'test cron'),
(2507, 'test cron'),
(2508, 'test cron'),
(2509, 'test cron'),
(2510, 'test cron'),
(2511, 'test cron'),
(2512, 'test cron'),
(2513, 'test cron'),
(2514, 'test cron'),
(2515, 'test cron'),
(2516, 'test cron'),
(2517, 'test cron'),
(2518, 'test cron'),
(2519, 'test cron'),
(2520, 'test cron'),
(2521, 'test cron'),
(2522, 'test cron'),
(2523, 'test cron'),
(2524, 'test cron'),
(2525, 'test cron'),
(2526, 'test cron'),
(2527, 'test cron'),
(2528, 'test cron'),
(2529, 'test cron'),
(2530, 'test cron'),
(2531, 'test cron'),
(2532, 'test cron'),
(2533, 'test cron'),
(2534, 'test cron'),
(2535, 'test cron'),
(2536, 'test cron'),
(2537, 'test cron'),
(2538, 'test cron'),
(2539, 'test cron'),
(2540, 'test cron'),
(2541, 'test cron'),
(2542, 'test cron'),
(2543, 'test cron'),
(2544, 'test cron'),
(2545, 'test cron'),
(2546, 'test cron'),
(2547, 'test cron'),
(2548, 'test cron'),
(2549, 'test cron'),
(2550, 'test cron'),
(2551, 'test cron'),
(2552, 'test cron'),
(2553, 'test cron'),
(2554, 'test cron'),
(2555, 'test cron'),
(2556, 'test cron'),
(2557, 'test cron'),
(2558, 'test cron'),
(2559, 'test cron'),
(2560, 'test cron'),
(2561, 'test cron'),
(2562, 'test cron'),
(2563, 'test cron'),
(2564, 'test cron'),
(2565, 'test cron'),
(2566, 'test cron'),
(2567, 'test cron'),
(2568, 'test cron'),
(2569, 'test cron'),
(2570, 'test cron'),
(2571, 'test cron'),
(2572, 'test cron'),
(2573, 'test cron'),
(2574, 'test cron'),
(2575, 'test cron'),
(2576, 'test cron'),
(2577, 'test cron'),
(2578, 'test cron'),
(2579, 'test cron'),
(2580, 'test cron'),
(2581, 'test cron'),
(2582, 'test cron'),
(2583, 'test cron'),
(2584, 'test cron'),
(2585, 'test cron'),
(2586, 'test cron'),
(2587, 'test cron'),
(2588, 'test cron'),
(2589, 'test cron'),
(2590, 'test cron'),
(2591, 'test cron'),
(2592, 'test cron'),
(2593, 'test cron'),
(2594, 'test cron'),
(2595, 'test cron'),
(2596, 'test cron'),
(2597, 'test cron'),
(2598, 'test cron'),
(2599, 'test cron'),
(2600, 'test cron'),
(2601, 'test cron'),
(2602, 'test cron'),
(2603, 'test cron'),
(2604, 'test cron'),
(2605, 'test cron'),
(2606, 'test cron'),
(2607, 'test cron'),
(2608, 'test cron'),
(2609, 'test cron'),
(2610, 'test cron'),
(2611, 'test cron'),
(2612, 'test cron'),
(2613, 'test cron'),
(2614, 'test cron'),
(2615, 'test cron'),
(2616, 'test cron'),
(2617, 'test cron'),
(2618, 'test cron'),
(2619, 'test cron'),
(2620, 'test cron'),
(2621, 'test cron'),
(2622, 'test cron'),
(2623, 'test cron'),
(2624, 'test cron'),
(2625, 'test cron'),
(2626, 'test cron'),
(2627, 'test cron'),
(2628, 'test cron'),
(2629, 'test cron'),
(2630, 'test cron'),
(2631, 'test cron'),
(2632, 'test cron'),
(2633, 'test cron'),
(2634, 'test cron'),
(2635, 'test cron'),
(2636, 'test cron'),
(2637, 'test cron'),
(2638, 'test cron'),
(2639, 'test cron'),
(2640, 'test cron'),
(2641, 'test cron'),
(2642, 'test cron'),
(2643, 'test cron'),
(2644, 'test cron'),
(2645, 'test cron'),
(2646, 'test cron'),
(2647, 'test cron'),
(2648, 'test cron'),
(2649, 'test cron'),
(2650, 'test cron'),
(2651, 'test cron'),
(2652, 'test cron'),
(2653, 'test cron'),
(2654, 'test cron'),
(2655, 'test cron'),
(2656, 'test cron'),
(2657, 'test cron'),
(2658, 'test cron'),
(2659, 'test cron'),
(2660, 'test cron'),
(2661, 'test cron'),
(2662, 'test cron'),
(2663, 'test cron'),
(2664, 'test cron'),
(2665, 'test cron'),
(2666, 'test cron'),
(2667, 'test cron'),
(2668, 'test cron'),
(2669, 'test cron'),
(2670, 'test cron'),
(2671, 'test cron'),
(2672, 'test cron'),
(2673, 'test cron'),
(2674, 'test cron'),
(2675, 'test cron'),
(2676, 'test cron'),
(2677, 'test cron'),
(2678, 'test cron'),
(2679, 'test cron'),
(2680, 'test cron'),
(2681, 'test cron'),
(2682, 'test cron'),
(2683, 'test cron'),
(2684, 'test cron'),
(2685, 'test cron'),
(2686, 'test cron'),
(2687, 'test cron');
INSERT INTO `test` (`id`, `name`) VALUES
(2688, 'test cron'),
(2689, 'test cron'),
(2690, 'test cron'),
(2691, 'test cron'),
(2692, 'test cron'),
(2693, 'test cron'),
(2694, 'test cron'),
(2695, 'test cron'),
(2696, 'test cron'),
(2697, 'test cron'),
(2698, 'test cron'),
(2699, 'test cron'),
(2700, 'test cron'),
(2701, 'test cron'),
(2702, 'test cron'),
(2703, 'test cron'),
(2704, 'test cron'),
(2705, 'test cron'),
(2706, 'test cron'),
(2707, 'test cron'),
(2708, 'test cron'),
(2709, 'test cron'),
(2710, 'test cron'),
(2711, 'test cron'),
(2712, 'test cron'),
(2713, 'test cron'),
(2714, 'test cron'),
(2715, 'test cron'),
(2716, 'test cron'),
(2717, 'test cron'),
(2718, 'test cron'),
(2719, 'test cron'),
(2720, 'test cron'),
(2721, 'test cron'),
(2722, 'test cron'),
(2723, 'test cron'),
(2724, 'test cron'),
(2725, 'test cron'),
(2726, 'test cron'),
(2727, 'test cron'),
(2728, 'test cron'),
(2729, 'test cron'),
(2730, 'test cron'),
(2731, 'test cron'),
(2732, 'test cron'),
(2733, 'test cron'),
(2734, 'test cron'),
(2735, 'test cron'),
(2736, 'test cron'),
(2737, 'test cron'),
(2738, 'test cron'),
(2739, 'test cron'),
(2740, 'test cron'),
(2741, 'test cron'),
(2742, 'test cron'),
(2743, 'test cron'),
(2744, 'test cron'),
(2745, 'test cron'),
(2746, 'test cron'),
(2747, 'test cron'),
(2748, 'test cron'),
(2749, 'test cron'),
(2750, 'test cron'),
(2751, 'test cron'),
(2752, 'test cron'),
(2753, 'test cron'),
(2754, 'test cron'),
(2755, 'test cron'),
(2756, 'test cron'),
(2757, 'test cron'),
(2758, 'test cron'),
(2759, 'test cron'),
(2760, 'test cron'),
(2761, 'test cron'),
(2762, 'test cron'),
(2763, 'test cron'),
(2764, 'test cron'),
(2765, 'test cron'),
(2766, 'test cron'),
(2767, 'test cron'),
(2768, 'test cron'),
(2769, 'test cron'),
(2770, 'test cron'),
(2771, 'test cron'),
(2772, 'test cron'),
(2773, 'test cron'),
(2774, 'test cron'),
(2775, 'test cron'),
(2776, 'test cron'),
(2777, 'test cron'),
(2778, 'test cron'),
(2779, 'test cron'),
(2780, 'test cron'),
(2781, 'test cron'),
(2782, 'test cron'),
(2783, 'test cron'),
(2784, 'test cron'),
(2785, 'test cron'),
(2786, 'test cron'),
(2787, 'test cron'),
(2788, 'test cron'),
(2789, 'test cron'),
(2790, 'test cron'),
(2791, 'test cron'),
(2792, 'test cron'),
(2793, 'test cron'),
(2794, 'test cron'),
(2795, 'test cron'),
(2796, 'test cron'),
(2797, 'test cron'),
(2798, 'test cron'),
(2799, 'test cron'),
(2800, 'test cron'),
(2801, 'test cron'),
(2802, 'test cron'),
(2803, 'test cron'),
(2804, 'test cron'),
(2805, 'test cron'),
(2806, 'test cron'),
(2807, 'test cron'),
(2808, 'test cron'),
(2809, 'test cron'),
(2810, 'test cron'),
(2811, 'test cron'),
(2812, 'test cron'),
(2813, 'test cron'),
(2814, 'test cron'),
(2815, 'test cron'),
(2816, 'test cron'),
(2817, 'test cron'),
(2818, 'test cron'),
(2819, 'test cron'),
(2820, 'test cron'),
(2821, 'test cron'),
(2822, 'test cron'),
(2823, 'test cron'),
(2824, 'test cron'),
(2825, 'test cron'),
(2826, 'test cron'),
(2827, 'test cron'),
(2828, 'test cron'),
(2829, 'test cron'),
(2830, 'test cron'),
(2831, 'test cron'),
(2832, 'test cron'),
(2833, 'test cron'),
(2834, 'test cron'),
(2835, 'test cron'),
(2836, 'test cron'),
(2837, 'test cron'),
(2838, 'test cron'),
(2839, 'test cron'),
(2840, 'test cron'),
(2841, 'test cron'),
(2842, 'test cron'),
(2843, 'test cron'),
(2844, 'test cron'),
(2845, 'test cron'),
(2846, 'test cron'),
(2847, 'test cron'),
(2848, 'test cron'),
(2849, 'test cron'),
(2850, 'test cron'),
(2851, 'test cron'),
(2852, 'test cron'),
(2853, 'test cron'),
(2854, 'test cron'),
(2855, 'test cron'),
(2856, 'test cron'),
(2857, 'test cron'),
(2858, 'test cron'),
(2859, 'test cron'),
(2860, 'test cron'),
(2861, 'test cron'),
(2862, 'test cron'),
(2863, 'test cron'),
(2864, 'test cron'),
(2865, 'test cron'),
(2866, 'test cron'),
(2867, 'test cron'),
(2868, 'test cron'),
(2869, 'test cron'),
(2870, 'test cron'),
(2871, 'test cron'),
(2872, 'test cron'),
(2873, 'test cron'),
(2874, 'test cron'),
(2875, 'test cron'),
(2876, 'test cron'),
(2877, 'test cron'),
(2878, 'test cron'),
(2879, 'test cron'),
(2880, 'test cron'),
(2881, 'test cron'),
(2882, 'test cron'),
(2883, 'test cron'),
(2884, 'test cron'),
(2885, 'test cron'),
(2886, 'test cron'),
(2887, 'test cron'),
(2888, 'test cron'),
(2889, 'test cron'),
(2890, 'test cron'),
(2891, 'test cron'),
(2892, 'test cron'),
(2893, 'test cron'),
(2894, 'test cron'),
(2895, 'test cron'),
(2896, 'test cron'),
(2897, 'test cron'),
(2898, 'test cron'),
(2899, 'test cron'),
(2900, 'test cron'),
(2901, 'test cron'),
(2902, 'test cron'),
(2903, 'test cron'),
(2904, 'test cron'),
(2905, 'test cron'),
(2906, 'test cron'),
(2907, 'test cron'),
(2908, 'test cron'),
(2909, 'test cron'),
(2910, 'test cron'),
(2911, 'test cron'),
(2912, 'test cron'),
(2913, 'test cron'),
(2914, 'test cron'),
(2915, 'test cron'),
(2916, 'test cron'),
(2917, 'test cron'),
(2918, 'test cron'),
(2919, 'test cron'),
(2920, 'test cron'),
(2921, 'test cron'),
(2922, 'test cron'),
(2923, 'test cron'),
(2924, 'test cron'),
(2925, 'test cron'),
(2926, 'test cron'),
(2927, 'test cron'),
(2928, 'test cron'),
(2929, 'test cron'),
(2930, 'test cron'),
(2931, 'test cron'),
(2932, 'test cron'),
(2933, 'test cron'),
(2934, 'test cron'),
(2935, 'test cron'),
(2936, 'test cron'),
(2937, 'test cron'),
(2938, 'test cron'),
(2939, 'test cron'),
(2940, 'test cron'),
(2941, 'test cron'),
(2942, 'test cron'),
(2943, 'test cron'),
(2944, 'test cron'),
(2945, 'test cron'),
(2946, 'test cron'),
(2947, 'test cron'),
(2948, 'test cron'),
(2949, 'test cron'),
(2950, 'test cron'),
(2951, 'test cron'),
(2952, 'test cron'),
(2953, 'test cron'),
(2954, 'test cron'),
(2955, 'test cron'),
(2956, 'test cron'),
(2957, 'test cron'),
(2958, 'test cron'),
(2959, 'test cron'),
(2960, 'test cron'),
(2961, 'test cron'),
(2962, 'test cron'),
(2963, 'test cron'),
(2964, 'test cron'),
(2965, 'test cron'),
(2966, 'test cron'),
(2967, 'test cron'),
(2968, 'test cron'),
(2969, 'test cron'),
(2970, 'test cron'),
(2971, 'test cron'),
(2972, 'test cron'),
(2973, 'test cron'),
(2974, 'test cron'),
(2975, 'test cron'),
(2976, 'test cron'),
(2977, 'test cron'),
(2978, 'test cron'),
(2979, 'test cron'),
(2980, 'test cron'),
(2981, 'test cron'),
(2982, 'test cron'),
(2983, 'test cron'),
(2984, 'test cron'),
(2985, 'test cron'),
(2986, 'test cron'),
(2987, 'test cron'),
(2988, 'test cron'),
(2989, 'test cron'),
(2990, 'test cron'),
(2991, 'test cron'),
(2992, 'test cron'),
(2993, 'test cron'),
(2994, 'test cron'),
(2995, 'test cron'),
(2996, 'test cron'),
(2997, 'test cron'),
(2998, 'test cron'),
(2999, 'test cron'),
(3000, 'test cron'),
(3001, 'test cron'),
(3002, 'test cron'),
(3003, 'test cron'),
(3004, 'test cron'),
(3005, 'test cron'),
(3006, 'test cron'),
(3007, 'test cron'),
(3008, 'test cron'),
(3009, 'test cron'),
(3010, 'test cron'),
(3011, 'test cron'),
(3012, 'test cron'),
(3013, 'test cron'),
(3014, 'test cron'),
(3015, 'test cron'),
(3016, 'test cron'),
(3017, 'test cron'),
(3018, 'test cron'),
(3019, 'test cron'),
(3020, 'test cron'),
(3021, 'test cron'),
(3022, 'test cron'),
(3023, 'test cron'),
(3024, 'test cron'),
(3025, 'test cron'),
(3026, 'test cron'),
(3027, 'test cron'),
(3028, 'test cron'),
(3029, 'test cron'),
(3030, 'test cron'),
(3031, 'test cron'),
(3032, 'test cron'),
(3033, 'test cron'),
(3034, 'test cron'),
(3035, 'test cron'),
(3036, 'test cron'),
(3037, 'test cron'),
(3038, 'test cron'),
(3039, 'test cron'),
(3040, 'test cron'),
(3041, 'test cron'),
(3042, 'test cron'),
(3043, 'test cron'),
(3044, 'test cron'),
(3045, 'test cron'),
(3046, 'test cron'),
(3047, 'test cron'),
(3048, 'test cron'),
(3049, 'test cron'),
(3050, 'test cron'),
(3051, 'test cron'),
(3052, 'test cron'),
(3053, 'test cron'),
(3054, 'test cron'),
(3055, 'test cron'),
(3056, 'test cron'),
(3057, 'test cron'),
(3058, 'test cron'),
(3059, 'test cron'),
(3060, 'test cron'),
(3061, 'test cron'),
(3062, 'test cron'),
(3063, 'test cron'),
(3064, 'test cron'),
(3065, 'test cron'),
(3066, 'test cron'),
(3067, 'test cron'),
(3068, 'test cron'),
(3069, 'test cron'),
(3070, 'test cron'),
(3071, 'test cron'),
(3072, 'test cron'),
(3073, 'test cron'),
(3074, 'test cron'),
(3075, 'test cron'),
(3076, 'test cron'),
(3077, 'test cron'),
(3078, 'test cron'),
(3079, 'test cron'),
(3080, 'test cron'),
(3081, 'test cron'),
(3082, 'test cron'),
(3083, 'test cron'),
(3084, 'test cron'),
(3085, 'test cron'),
(3086, 'test cron'),
(3087, 'test cron'),
(3088, 'test cron'),
(3089, 'test cron'),
(3090, 'test cron'),
(3091, 'test cron'),
(3092, 'test cron'),
(3093, 'test cron'),
(3094, 'test cron'),
(3095, 'test cron'),
(3096, 'test cron'),
(3097, 'test cron'),
(3098, 'test cron'),
(3099, 'test cron'),
(3100, 'test cron'),
(3101, 'test cron'),
(3102, 'test cron'),
(3103, 'test cron'),
(3104, 'test cron'),
(3105, 'test cron'),
(3106, 'test cron'),
(3107, 'test cron'),
(3108, 'test cron'),
(3109, 'test cron'),
(3110, 'test cron'),
(3111, 'test cron'),
(3112, 'test cron'),
(3113, 'test cron'),
(3114, 'test cron'),
(3115, 'test cron'),
(3116, 'test cron'),
(3117, 'test cron'),
(3118, 'test cron'),
(3119, 'test cron'),
(3120, 'test cron'),
(3121, 'test cron'),
(3122, 'test cron'),
(3123, 'test cron'),
(3124, 'test cron'),
(3125, 'test cron'),
(3126, 'test cron'),
(3127, 'test cron'),
(3128, 'test cron'),
(3129, 'test cron'),
(3130, 'test cron'),
(3131, 'test cron'),
(3132, 'test cron'),
(3133, 'test cron'),
(3134, 'test cron'),
(3135, 'test cron'),
(3136, 'test cron'),
(3137, 'test cron'),
(3138, 'test cron'),
(3139, 'test cron'),
(3140, 'test cron'),
(3141, 'test cron'),
(3142, 'test cron'),
(3143, 'test cron'),
(3144, 'test cron'),
(3145, 'test cron'),
(3146, 'test cron'),
(3147, 'test cron'),
(3148, 'test cron'),
(3149, 'test cron'),
(3150, 'test cron'),
(3151, 'test cron'),
(3152, 'test cron'),
(3153, 'test cron'),
(3154, 'test cron'),
(3155, 'test cron'),
(3156, 'test cron'),
(3157, 'test cron'),
(3158, 'test cron'),
(3159, 'test cron'),
(3160, 'test cron'),
(3161, 'test cron'),
(3162, 'test cron'),
(3163, 'test cron'),
(3164, 'test cron'),
(3165, 'test cron'),
(3166, 'test cron'),
(3167, 'test cron'),
(3168, 'test cron'),
(3169, 'test cron'),
(3170, 'test cron'),
(3171, 'test cron'),
(3172, 'test cron'),
(3173, 'test cron'),
(3174, 'test cron'),
(3175, 'test cron'),
(3176, 'test cron'),
(3177, 'test cron'),
(3178, 'test cron'),
(3179, 'test cron'),
(3180, 'test cron'),
(3181, 'test cron'),
(3182, 'test cron'),
(3183, 'test cron'),
(3184, 'test cron'),
(3185, 'test cron'),
(3186, 'test cron'),
(3187, 'test cron'),
(3188, 'test cron'),
(3189, 'test cron'),
(3190, 'test cron'),
(3191, 'test cron'),
(3192, 'test cron'),
(3193, 'test cron'),
(3194, 'test cron'),
(3195, 'test cron'),
(3196, 'test cron'),
(3197, 'test cron'),
(3198, 'test cron'),
(3199, 'test cron'),
(3200, 'test cron'),
(3201, 'test cron'),
(3202, 'test cron'),
(3203, 'test cron'),
(3204, 'test cron'),
(3205, 'test cron'),
(3206, 'test cron'),
(3207, 'test cron'),
(3208, 'test cron'),
(3209, 'test cron'),
(3210, 'test cron'),
(3211, 'test cron'),
(3212, 'test cron'),
(3213, 'test cron'),
(3214, 'test cron'),
(3215, 'test cron'),
(3216, 'test cron'),
(3217, 'test cron'),
(3218, 'test cron'),
(3219, 'test cron'),
(3220, 'test cron'),
(3221, 'test cron'),
(3222, 'test cron'),
(3223, 'test cron'),
(3224, 'test cron'),
(3225, 'test cron'),
(3226, 'test cron'),
(3227, 'test cron'),
(3228, 'test cron'),
(3229, 'test cron'),
(3230, 'test cron'),
(3231, 'test cron'),
(3232, 'test cron'),
(3233, 'test cron'),
(3234, 'test cron'),
(3235, 'test cron'),
(3236, 'test cron'),
(3237, 'test cron'),
(3238, 'test cron'),
(3239, 'test cron'),
(3240, 'test cron'),
(3241, 'test cron'),
(3242, 'test cron'),
(3243, 'test cron'),
(3244, 'test cron'),
(3245, 'test cron'),
(3246, 'test cron'),
(3247, 'test cron'),
(3248, 'test cron'),
(3249, 'test cron'),
(3250, 'test cron'),
(3251, 'test cron'),
(3252, 'test cron'),
(3253, 'test cron'),
(3254, 'test cron'),
(3255, 'test cron'),
(3256, 'test cron'),
(3257, 'test cron'),
(3258, 'test cron'),
(3259, 'test cron'),
(3260, 'test cron'),
(3261, 'test cron'),
(3262, 'test cron'),
(3263, 'test cron'),
(3264, 'test cron'),
(3265, 'test cron'),
(3266, 'test cron'),
(3267, 'test cron'),
(3268, 'test cron'),
(3269, 'test cron'),
(3270, 'test cron'),
(3271, 'test cron'),
(3272, 'test cron'),
(3273, 'test cron'),
(3274, 'test cron'),
(3275, 'test cron'),
(3276, 'test cron'),
(3277, 'test cron'),
(3278, 'test cron'),
(3279, 'test cron'),
(3280, 'test cron'),
(3281, 'test cron'),
(3282, 'test cron'),
(3283, 'test cron'),
(3284, 'test cron'),
(3285, 'test cron'),
(3286, 'test cron'),
(3287, 'test cron'),
(3288, 'test cron'),
(3289, 'test cron'),
(3290, 'test cron'),
(3291, 'test cron'),
(3292, 'test cron'),
(3293, 'test cron'),
(3294, 'test cron'),
(3295, 'test cron'),
(3296, 'test cron'),
(3297, 'test cron'),
(3298, 'test cron'),
(3299, 'test cron'),
(3300, 'test cron'),
(3301, 'test cron'),
(3302, 'test cron'),
(3303, 'test cron'),
(3304, 'test cron'),
(3305, 'test cron'),
(3306, 'test cron'),
(3307, 'test cron'),
(3308, 'test cron'),
(3309, 'test cron'),
(3310, 'test cron'),
(3311, 'test cron'),
(3312, 'test cron'),
(3313, 'test cron'),
(3314, 'test cron'),
(3315, 'test cron'),
(3316, 'test cron'),
(3317, 'test cron'),
(3318, 'test cron'),
(3319, 'test cron'),
(3320, 'test cron'),
(3321, 'test cron'),
(3322, 'test cron'),
(3323, 'test cron'),
(3324, 'test cron'),
(3325, 'test cron'),
(3326, 'test cron'),
(3327, 'test cron'),
(3328, 'test cron'),
(3329, 'test cron'),
(3330, 'test cron'),
(3331, 'test cron'),
(3332, 'test cron'),
(3333, 'test cron'),
(3334, 'test cron'),
(3335, 'test cron'),
(3336, 'test cron'),
(3337, 'test cron'),
(3338, 'test cron'),
(3339, 'test cron'),
(3340, 'test cron'),
(3341, 'test cron'),
(3342, 'test cron'),
(3343, 'test cron'),
(3344, 'test cron'),
(3345, 'test cron'),
(3346, 'test cron'),
(3347, 'test cron'),
(3348, 'test cron'),
(3349, 'test cron'),
(3350, 'test cron'),
(3351, 'test cron'),
(3352, 'test cron'),
(3353, 'test cron'),
(3354, 'test cron'),
(3355, 'test cron'),
(3356, 'test cron'),
(3357, 'test cron'),
(3358, 'test cron'),
(3359, 'test cron'),
(3360, 'test cron'),
(3361, 'test cron'),
(3362, 'test cron'),
(3363, 'test cron'),
(3364, 'test cron'),
(3365, 'test cron'),
(3366, 'test cron'),
(3367, 'test cron'),
(3368, 'test cron'),
(3369, 'test cron'),
(3370, 'test cron'),
(3371, 'test cron'),
(3372, 'test cron'),
(3373, 'test cron'),
(3374, 'test cron'),
(3375, 'test cron'),
(3376, 'test cron'),
(3377, 'test cron'),
(3378, 'test cron'),
(3379, 'test cron'),
(3380, 'test cron'),
(3381, 'test cron'),
(3382, 'test cron'),
(3383, 'test cron'),
(3384, 'test cron'),
(3385, 'test cron'),
(3386, 'test cron'),
(3387, 'test cron'),
(3388, 'test cron'),
(3389, 'test cron'),
(3390, 'test cron'),
(3391, 'test cron'),
(3392, 'test cron'),
(3393, 'test cron'),
(3394, 'test cron'),
(3395, 'test cron'),
(3396, 'test cron'),
(3397, 'test cron'),
(3398, 'test cron'),
(3399, 'test cron'),
(3400, 'test cron'),
(3401, 'test cron'),
(3402, 'test cron'),
(3403, 'test cron'),
(3404, 'test cron'),
(3405, 'test cron'),
(3406, 'test cron'),
(3407, 'test cron'),
(3408, 'test cron'),
(3409, 'test cron'),
(3410, 'test cron'),
(3411, 'test cron'),
(3412, 'test cron'),
(3413, 'test cron'),
(3414, 'test cron'),
(3415, 'test cron'),
(3416, 'test cron'),
(3417, 'test cron'),
(3418, 'test cron'),
(3419, 'test cron'),
(3420, 'test cron'),
(3421, 'test cron'),
(3422, 'test cron'),
(3423, 'test cron'),
(3424, 'test cron'),
(3425, 'test cron'),
(3426, 'test cron'),
(3427, 'test cron'),
(3428, 'test cron'),
(3429, 'test cron'),
(3430, 'test cron'),
(3431, 'test cron'),
(3432, 'test cron'),
(3433, 'test cron'),
(3434, 'test cron'),
(3435, 'test cron'),
(3436, 'test cron'),
(3437, 'test cron'),
(3438, 'test cron'),
(3439, 'test cron'),
(3440, 'test cron'),
(3441, 'test cron'),
(3442, 'test cron'),
(3443, 'test cron'),
(3444, 'test cron'),
(3445, 'test cron'),
(3446, 'test cron'),
(3447, 'test cron'),
(3448, 'test cron'),
(3449, 'test cron'),
(3450, 'test cron'),
(3451, 'test cron'),
(3452, 'test cron'),
(3453, 'test cron'),
(3454, 'test cron'),
(3455, 'test cron'),
(3456, 'test cron'),
(3457, 'test cron'),
(3458, 'test cron'),
(3459, 'test cron'),
(3460, 'test cron'),
(3461, 'test cron'),
(3462, 'test cron'),
(3463, 'test cron'),
(3464, 'test cron'),
(3465, 'test cron'),
(3466, 'test cron'),
(3467, 'test cron'),
(3468, 'test cron'),
(3469, 'test cron'),
(3470, 'test cron'),
(3471, 'test cron'),
(3472, 'test cron'),
(3473, 'test cron'),
(3474, 'test cron'),
(3475, 'test cron'),
(3476, 'test cron'),
(3477, 'test cron'),
(3478, 'test cron'),
(3479, 'test cron'),
(3480, 'test cron'),
(3481, 'test cron'),
(3482, 'test cron'),
(3483, 'test cron'),
(3484, 'test cron'),
(3485, 'test cron'),
(3486, 'test cron'),
(3487, 'test cron'),
(3488, 'test cron'),
(3489, 'test cron'),
(3490, 'test cron'),
(3491, 'test cron'),
(3492, 'test cron'),
(3493, 'test cron'),
(3494, 'test cron'),
(3495, 'test cron'),
(3496, 'test cron'),
(3497, 'test cron'),
(3498, 'test cron'),
(3499, 'test cron'),
(3500, 'test cron'),
(3501, 'test cron'),
(3502, 'test cron'),
(3503, 'test cron'),
(3504, 'test cron'),
(3505, 'test cron'),
(3506, 'test cron'),
(3507, 'test cron'),
(3508, 'test cron'),
(3509, 'test cron'),
(3510, 'test cron'),
(3511, 'test cron'),
(3512, 'test cron'),
(3513, 'test cron'),
(3514, 'test cron'),
(3515, 'test cron'),
(3516, 'test cron'),
(3517, 'test cron'),
(3518, 'test cron'),
(3519, 'test cron'),
(3520, 'test cron'),
(3521, 'test cron'),
(3522, 'test cron'),
(3523, 'test cron'),
(3524, 'test cron'),
(3525, 'test cron'),
(3526, 'test cron'),
(3527, 'test cron'),
(3528, 'test cron'),
(3529, 'test cron'),
(3530, 'test cron'),
(3531, 'test cron'),
(3532, 'test cron'),
(3533, 'test cron'),
(3534, 'test cron'),
(3535, 'test cron'),
(3536, 'test cron'),
(3537, 'test cron'),
(3538, 'test cron'),
(3539, 'test cron'),
(3540, 'test cron'),
(3541, 'test cron'),
(3542, 'test cron'),
(3543, 'test cron'),
(3544, 'test cron'),
(3545, 'test cron'),
(3546, 'test cron'),
(3547, 'test cron'),
(3548, 'test cron'),
(3549, 'test cron'),
(3550, 'test cron'),
(3551, 'test cron'),
(3552, 'test cron'),
(3553, 'test cron'),
(3554, 'test cron'),
(3555, 'test cron'),
(3556, 'test cron'),
(3557, 'test cron'),
(3558, 'test cron'),
(3559, 'test cron'),
(3560, 'test cron'),
(3561, 'test cron'),
(3562, 'test cron'),
(3563, 'test cron'),
(3564, 'test cron'),
(3565, 'test cron'),
(3566, 'test cron'),
(3567, 'test cron'),
(3568, 'test cron'),
(3569, 'test cron'),
(3570, 'test cron'),
(3571, 'test cron'),
(3572, 'test cron'),
(3573, 'test cron'),
(3574, 'test cron'),
(3575, 'test cron'),
(3576, 'test cron'),
(3577, 'test cron'),
(3578, 'test cron'),
(3579, 'test cron'),
(3580, 'test cron'),
(3581, 'test cron'),
(3582, 'test cron'),
(3583, 'test cron'),
(3584, 'test cron'),
(3585, 'test cron'),
(3586, 'test cron'),
(3587, 'test cron'),
(3588, 'test cron'),
(3589, 'test cron'),
(3590, 'test cron'),
(3591, 'test cron'),
(3592, 'test cron'),
(3593, 'test cron'),
(3594, 'test cron'),
(3595, 'test cron'),
(3596, 'test cron'),
(3597, 'test cron'),
(3598, 'test cron'),
(3599, 'test cron'),
(3600, 'test cron'),
(3601, 'test cron'),
(3602, 'test cron'),
(3603, 'test cron'),
(3604, 'test cron'),
(3605, 'test cron'),
(3606, 'test cron'),
(3607, 'test cron'),
(3608, 'test cron'),
(3609, 'test cron'),
(3610, 'test cron'),
(3611, 'test cron'),
(3612, 'test cron'),
(3613, 'test cron'),
(3614, 'test cron'),
(3615, 'test cron'),
(3616, 'test cron'),
(3617, 'test cron'),
(3618, 'test cron'),
(3619, 'test cron'),
(3620, 'test cron'),
(3621, 'test cron'),
(3622, 'test cron'),
(3623, 'test cron'),
(3624, 'test cron'),
(3625, 'test cron'),
(3626, 'test cron'),
(3627, 'test cron'),
(3628, 'test cron'),
(3629, 'test cron'),
(3630, 'test cron'),
(3631, 'test cron'),
(3632, 'test cron'),
(3633, 'test cron'),
(3634, 'test cron'),
(3635, 'test cron'),
(3636, 'test cron'),
(3637, 'test cron'),
(3638, 'test cron'),
(3639, 'test cron'),
(3640, 'test cron'),
(3641, 'test cron'),
(3642, 'test cron'),
(3643, 'test cron'),
(3644, 'test cron'),
(3645, 'test cron'),
(3646, 'test cron'),
(3647, 'test cron'),
(3648, 'test cron'),
(3649, 'test cron'),
(3650, 'test cron'),
(3651, 'test cron'),
(3652, 'test cron'),
(3653, 'test cron'),
(3654, 'test cron'),
(3655, 'test cron'),
(3656, 'test cron'),
(3657, 'test cron'),
(3658, 'test cron'),
(3659, 'test cron'),
(3660, 'test cron'),
(3661, 'test cron'),
(3662, 'test cron'),
(3663, 'test cron'),
(3664, 'test cron'),
(3665, 'test cron'),
(3666, 'test cron'),
(3667, 'test cron'),
(3668, 'test cron'),
(3669, 'test cron'),
(3670, 'test cron'),
(3671, 'test cron'),
(3672, 'test cron'),
(3673, 'test cron'),
(3674, 'test cron'),
(3675, 'test cron'),
(3676, 'test cron'),
(3677, 'test cron'),
(3678, 'test cron'),
(3679, 'test cron'),
(3680, 'test cron'),
(3681, 'test cron'),
(3682, 'test cron'),
(3683, 'test cron'),
(3684, 'test cron'),
(3685, 'test cron'),
(3686, 'test cron'),
(3687, 'test cron'),
(3688, 'test cron'),
(3689, 'test cron'),
(3690, 'test cron'),
(3691, 'test cron'),
(3692, 'test cron'),
(3693, 'test cron'),
(3694, 'test cron'),
(3695, 'test cron'),
(3696, 'test cron'),
(3697, 'test cron'),
(3698, 'test cron'),
(3699, 'test cron'),
(3700, 'test cron'),
(3701, 'test cron'),
(3702, 'test cron'),
(3703, 'test cron'),
(3704, 'test cron'),
(3705, 'test cron'),
(3706, 'test cron'),
(3707, 'test cron'),
(3708, 'test cron'),
(3709, 'test cron'),
(3710, 'test cron'),
(3711, 'test cron'),
(3712, 'test cron'),
(3713, 'test cron'),
(3714, 'test cron'),
(3715, 'test cron'),
(3716, 'test cron'),
(3717, 'test cron'),
(3718, 'test cron'),
(3719, 'test cron'),
(3720, 'test cron'),
(3721, 'test cron'),
(3722, 'test cron'),
(3723, 'test cron'),
(3724, 'test cron'),
(3725, 'test cron'),
(3726, 'test cron'),
(3727, 'test cron'),
(3728, 'test cron'),
(3729, 'test cron'),
(3730, 'test cron'),
(3731, 'test cron'),
(3732, 'test cron'),
(3733, 'test cron'),
(3734, 'test cron'),
(3735, 'test cron'),
(3736, 'test cron'),
(3737, 'test cron'),
(3738, 'test cron'),
(3739, 'test cron'),
(3740, 'test cron'),
(3741, 'test cron'),
(3742, 'test cron'),
(3743, 'test cron'),
(3744, 'test cron'),
(3745, 'test cron'),
(3746, 'test cron'),
(3747, 'test cron'),
(3748, 'test cron'),
(3749, 'test cron'),
(3750, 'test cron'),
(3751, 'test cron'),
(3752, 'test cron'),
(3753, 'test cron'),
(3754, 'test cron'),
(3755, 'test cron'),
(3756, 'test cron'),
(3757, 'test cron'),
(3758, 'test cron'),
(3759, 'test cron'),
(3760, 'test cron'),
(3761, 'test cron'),
(3762, 'test cron'),
(3763, 'test cron'),
(3764, 'test cron'),
(3765, 'test cron'),
(3766, 'test cron'),
(3767, 'test cron'),
(3768, 'test cron'),
(3769, 'test cron'),
(3770, 'test cron'),
(3771, 'test cron'),
(3772, 'test cron'),
(3773, 'test cron'),
(3774, 'test cron'),
(3775, 'test cron'),
(3776, 'test cron'),
(3777, 'test cron'),
(3778, 'test cron'),
(3779, 'test cron'),
(3780, 'test cron'),
(3781, 'test cron'),
(3782, 'test cron'),
(3783, 'test cron'),
(3784, 'test cron'),
(3785, 'test cron'),
(3786, 'test cron'),
(3787, 'test cron'),
(3788, 'test cron'),
(3789, 'test cron'),
(3790, 'test cron'),
(3791, 'test cron'),
(3792, 'test cron'),
(3793, 'test cron'),
(3794, 'test cron'),
(3795, 'test cron'),
(3796, 'test cron'),
(3797, 'test cron'),
(3798, 'test cron'),
(3799, 'test cron'),
(3800, 'test cron'),
(3801, 'test cron'),
(3802, 'test cron'),
(3803, 'test cron'),
(3804, 'test cron'),
(3805, 'test cron'),
(3806, 'test cron'),
(3807, 'test cron'),
(3808, 'test cron'),
(3809, 'test cron'),
(3810, 'test cron'),
(3811, 'test cron'),
(3812, 'test cron'),
(3813, 'test cron'),
(3814, 'test cron'),
(3815, 'test cron'),
(3816, 'test cron'),
(3817, 'test cron'),
(3818, 'test cron'),
(3819, 'test cron'),
(3820, 'test cron'),
(3821, 'test cron'),
(3822, 'test cron'),
(3823, 'test cron'),
(3824, 'test cron'),
(3825, 'test cron'),
(3826, 'test cron'),
(3827, 'test cron'),
(3828, 'test cron'),
(3829, 'test cron'),
(3830, 'test cron'),
(3831, 'test cron'),
(3832, 'test cron'),
(3833, 'test cron'),
(3834, 'test cron'),
(3835, 'test cron'),
(3836, 'test cron'),
(3837, 'test cron'),
(3838, 'test cron'),
(3839, 'test cron'),
(3840, 'test cron'),
(3841, 'test cron'),
(3842, 'test cron'),
(3843, 'test cron'),
(3844, 'test cron'),
(3845, 'test cron'),
(3846, 'test cron'),
(3847, 'test cron'),
(3848, 'test cron'),
(3849, 'test cron'),
(3850, 'test cron'),
(3851, 'test cron'),
(3852, 'test cron'),
(3853, 'test cron'),
(3854, 'test cron'),
(3855, 'test cron'),
(3856, 'test cron'),
(3857, 'test cron'),
(3858, 'test cron'),
(3859, 'test cron'),
(3860, 'test cron'),
(3861, 'test cron'),
(3862, 'test cron'),
(3863, 'test cron'),
(3864, 'test cron'),
(3865, 'test cron'),
(3866, 'test cron'),
(3867, 'test cron'),
(3868, 'test cron'),
(3869, 'test cron'),
(3870, 'test cron'),
(3871, 'test cron'),
(3872, 'test cron'),
(3873, 'test cron'),
(3874, 'test cron'),
(3875, 'test cron'),
(3876, 'test cron'),
(3877, 'test cron'),
(3878, 'test cron'),
(3879, 'test cron'),
(3880, 'test cron'),
(3881, 'test cron'),
(3882, 'test cron'),
(3883, 'test cron'),
(3884, 'test cron'),
(3885, 'test cron'),
(3886, 'test cron'),
(3887, 'test cron'),
(3888, 'test cron'),
(3889, 'test cron'),
(3890, 'test cron'),
(3891, 'test cron'),
(3892, 'test cron'),
(3893, 'test cron'),
(3894, 'test cron'),
(3895, 'test cron'),
(3896, 'test cron'),
(3897, 'test cron'),
(3898, 'test cron'),
(3899, 'test cron'),
(3900, 'test cron'),
(3901, 'test cron'),
(3902, 'test cron'),
(3903, 'test cron'),
(3904, 'test cron'),
(3905, 'test cron'),
(3906, 'test cron'),
(3907, 'test cron'),
(3908, 'test cron'),
(3909, 'test cron'),
(3910, 'test cron'),
(3911, 'test cron'),
(3912, 'test cron'),
(3913, 'test cron'),
(3914, 'test cron'),
(3915, 'test cron'),
(3916, 'test cron'),
(3917, 'test cron'),
(3918, 'test cron'),
(3919, 'test cron'),
(3920, 'test cron'),
(3921, 'test cron'),
(3922, 'test cron'),
(3923, 'test cron'),
(3924, 'test cron'),
(3925, 'test cron'),
(3926, 'test cron'),
(3927, 'test cron'),
(3928, 'test cron'),
(3929, 'test cron'),
(3930, 'test cron'),
(3931, 'test cron'),
(3932, 'test cron'),
(3933, 'test cron'),
(3934, 'test cron'),
(3935, 'test cron'),
(3936, 'test cron'),
(3937, 'test cron'),
(3938, 'test cron'),
(3939, 'test cron'),
(3940, 'test cron'),
(3941, 'test cron'),
(3942, 'test cron'),
(3943, 'test cron'),
(3944, 'test cron'),
(3945, 'test cron'),
(3946, 'test cron'),
(3947, 'test cron'),
(3948, 'test cron'),
(3949, 'test cron'),
(3950, 'test cron'),
(3951, 'test cron'),
(3952, 'test cron'),
(3953, 'test cron'),
(3954, 'test cron'),
(3955, 'test cron'),
(3956, 'test cron'),
(3957, 'test cron'),
(3958, 'test cron'),
(3959, 'test cron'),
(3960, 'test cron'),
(3961, 'test cron'),
(3962, 'test cron'),
(3963, 'test cron'),
(3964, 'test cron'),
(3965, 'test cron'),
(3966, 'test cron'),
(3967, 'test cron'),
(3968, 'test cron'),
(3969, 'test cron'),
(3970, 'test cron'),
(3971, 'test cron'),
(3972, 'test cron'),
(3973, 'test cron'),
(3974, 'test cron'),
(3975, 'test cron'),
(3976, 'test cron'),
(3977, 'test cron'),
(3978, 'test cron'),
(3979, 'test cron'),
(3980, 'test cron'),
(3981, 'test cron'),
(3982, 'test cron'),
(3983, 'test cron'),
(3984, 'test cron'),
(3985, 'test cron'),
(3986, 'test cron'),
(3987, 'test cron'),
(3988, 'test cron'),
(3989, 'test cron'),
(3990, 'test cron'),
(3991, 'test cron'),
(3992, 'test cron'),
(3993, 'test cron'),
(3994, 'test cron'),
(3995, 'test cron'),
(3996, 'test cron'),
(3997, 'test cron'),
(3998, 'test cron'),
(3999, 'test cron'),
(4000, 'test cron'),
(4001, 'test cron'),
(4002, 'test cron'),
(4003, 'test cron'),
(4004, 'test cron'),
(4005, 'test cron'),
(4006, 'test cron'),
(4007, 'test cron'),
(4008, 'test cron'),
(4009, 'test cron'),
(4010, 'test cron'),
(4011, 'test cron'),
(4012, 'test cron'),
(4013, 'test cron'),
(4014, 'test cron'),
(4015, 'test cron'),
(4016, 'test cron'),
(4017, 'test cron'),
(4018, 'test cron'),
(4019, 'test cron'),
(4020, 'test cron'),
(4021, 'test cron'),
(4022, 'test cron'),
(4023, 'test cron'),
(4024, 'test cron'),
(4025, 'test cron'),
(4026, 'test cron'),
(4027, 'test cron'),
(4028, 'test cron'),
(4029, 'test cron'),
(4030, 'test cron'),
(4031, 'test cron'),
(4032, 'test cron'),
(4033, 'test cron'),
(4034, 'test cron'),
(4035, 'test cron'),
(4036, 'test cron'),
(4037, 'test cron'),
(4038, 'test cron'),
(4039, 'test cron'),
(4040, 'test cron'),
(4041, 'test cron'),
(4042, 'test cron'),
(4043, 'test cron'),
(4044, 'test cron'),
(4045, 'test cron'),
(4046, 'test cron'),
(4047, 'test cron'),
(4048, 'test cron'),
(4049, 'test cron'),
(4050, 'test cron'),
(4051, 'test cron'),
(4052, 'test cron'),
(4053, 'test cron'),
(4054, 'test cron'),
(4055, 'test cron'),
(4056, 'test cron'),
(4057, 'test cron'),
(4058, 'test cron'),
(4059, 'test cron'),
(4060, 'test cron'),
(4061, 'test cron'),
(4062, 'test cron'),
(4063, 'test cron'),
(4064, 'test cron'),
(4065, 'test cron'),
(4066, 'test cron'),
(4067, 'test cron'),
(4068, 'test cron'),
(4069, 'test cron'),
(4070, 'test cron'),
(4071, 'test cron'),
(4072, 'test cron'),
(4073, 'test cron'),
(4074, 'test cron'),
(4075, 'test cron'),
(4076, 'test cron'),
(4077, 'test cron'),
(4078, 'test cron'),
(4079, 'test cron'),
(4080, 'test cron'),
(4081, 'test cron'),
(4082, 'test cron'),
(4083, 'test cron'),
(4084, 'test cron'),
(4085, 'test cron'),
(4086, 'test cron'),
(4087, 'test cron'),
(4088, 'test cron'),
(4089, 'test cron'),
(4090, 'test cron'),
(4091, 'test cron'),
(4092, 'test cron'),
(4093, 'test cron'),
(4094, 'test cron'),
(4095, 'test cron'),
(4096, 'test cron'),
(4097, 'test cron'),
(4098, 'test cron'),
(4099, 'test cron'),
(4100, 'test cron'),
(4101, 'test cron'),
(4102, 'test cron'),
(4103, 'test cron'),
(4104, 'test cron'),
(4105, 'test cron'),
(4106, 'test cron'),
(4107, 'test cron'),
(4108, 'test cron'),
(4109, 'test cron'),
(4110, 'test cron'),
(4111, 'test cron'),
(4112, 'test cron'),
(4113, 'test cron'),
(4114, 'test cron'),
(4115, 'test cron'),
(4116, 'test cron'),
(4117, 'test cron'),
(4118, 'test cron'),
(4119, 'test cron'),
(4120, 'test cron'),
(4121, 'test cron'),
(4122, 'test cron'),
(4123, 'test cron'),
(4124, 'test cron'),
(4125, 'test cron'),
(4126, 'test cron'),
(4127, 'test cron'),
(4128, 'test cron'),
(4129, 'test cron'),
(4130, 'test cron'),
(4131, 'test cron'),
(4132, 'test cron'),
(4133, 'test cron'),
(4134, 'test cron'),
(4135, 'test cron'),
(4136, 'test cron'),
(4137, 'test cron'),
(4138, 'test cron'),
(4139, 'test cron'),
(4140, 'test cron'),
(4141, 'test cron'),
(4142, 'test cron'),
(4143, 'test cron'),
(4144, 'test cron'),
(4145, 'test cron'),
(4146, 'test cron'),
(4147, 'test cron'),
(4148, 'test cron'),
(4149, 'test cron'),
(4150, 'test cron'),
(4151, 'test cron'),
(4152, 'test cron'),
(4153, 'test cron'),
(4154, 'test cron'),
(4155, 'test cron'),
(4156, 'test cron'),
(4157, 'test cron'),
(4158, 'test cron'),
(4159, 'test cron'),
(4160, 'test cron'),
(4161, 'test cron'),
(4162, 'test cron'),
(4163, 'test cron'),
(4164, 'test cron'),
(4165, 'test cron'),
(4166, 'test cron'),
(4167, 'test cron'),
(4168, 'test cron'),
(4169, 'test cron'),
(4170, 'test cron'),
(4171, 'test cron'),
(4172, 'test cron'),
(4173, 'test cron'),
(4174, 'test cron'),
(4175, 'test cron'),
(4176, 'test cron'),
(4177, 'test cron'),
(4178, 'test cron'),
(4179, 'test cron'),
(4180, 'test cron'),
(4181, 'test cron'),
(4182, 'test cron'),
(4183, 'test cron'),
(4184, 'test cron'),
(4185, 'test cron'),
(4186, 'test cron'),
(4187, 'test cron'),
(4188, 'test cron'),
(4189, 'test cron'),
(4190, 'test cron'),
(4191, 'test cron'),
(4192, 'test cron'),
(4193, 'test cron'),
(4194, 'test cron'),
(4195, 'test cron'),
(4196, 'test cron'),
(4197, 'test cron'),
(4198, 'test cron'),
(4199, 'test cron'),
(4200, 'test cron'),
(4201, 'test cron'),
(4202, 'test cron'),
(4203, 'test cron'),
(4204, 'test cron'),
(4205, 'test cron'),
(4206, 'test cron'),
(4207, 'test cron'),
(4208, 'test cron'),
(4209, 'test cron'),
(4210, 'test cron'),
(4211, 'test cron'),
(4212, 'test cron'),
(4213, 'test cron'),
(4214, 'test cron'),
(4215, 'test cron'),
(4216, 'test cron'),
(4217, 'test cron'),
(4218, 'test cron'),
(4219, 'test cron'),
(4220, 'test cron'),
(4221, 'test cron'),
(4222, 'test cron'),
(4223, 'test cron'),
(4224, 'test cron'),
(4225, 'test cron'),
(4226, 'test cron'),
(4227, 'test cron'),
(4228, 'test cron'),
(4229, 'test cron'),
(4230, 'test cron'),
(4231, 'test cron'),
(4232, 'test cron'),
(4233, 'test cron'),
(4234, 'test cron'),
(4235, 'test cron'),
(4236, 'test cron'),
(4237, 'test cron'),
(4238, 'test cron'),
(4239, 'test cron'),
(4240, 'test cron'),
(4241, 'test cron'),
(4242, 'test cron'),
(4243, 'test cron'),
(4244, 'test cron'),
(4245, 'test cron'),
(4246, 'test cron'),
(4247, 'test cron'),
(4248, 'test cron'),
(4249, 'test cron'),
(4250, 'test cron'),
(4251, 'test cron'),
(4252, 'test cron'),
(4253, 'test cron'),
(4254, 'test cron'),
(4255, 'test cron'),
(4256, 'test cron'),
(4257, 'test cron'),
(4258, 'test cron'),
(4259, 'test cron'),
(4260, 'test cron'),
(4261, 'test cron'),
(4262, 'test cron'),
(4263, 'test cron'),
(4264, 'test cron'),
(4265, 'test cron'),
(4266, 'test cron'),
(4267, 'test cron'),
(4268, 'test cron'),
(4269, 'test cron'),
(4270, 'test cron'),
(4271, 'test cron'),
(4272, 'test cron'),
(4273, 'test cron'),
(4274, 'test cron'),
(4275, 'test cron'),
(4276, 'test cron'),
(4277, 'test cron'),
(4278, 'test cron'),
(4279, 'test cron'),
(4280, 'test cron'),
(4281, 'test cron'),
(4282, 'test cron'),
(4283, 'test cron'),
(4284, 'test cron'),
(4285, 'test cron'),
(4286, 'test cron'),
(4287, 'test cron'),
(4288, 'test cron'),
(4289, 'test cron'),
(4290, 'test cron'),
(4291, 'test cron'),
(4292, 'test cron'),
(4293, 'test cron'),
(4294, 'test cron'),
(4295, 'test cron'),
(4296, 'test cron'),
(4297, 'test cron'),
(4298, 'test cron'),
(4299, 'test cron'),
(4300, 'test cron'),
(4301, 'test cron'),
(4302, 'test cron'),
(4303, 'test cron'),
(4304, 'test cron'),
(4305, 'test cron'),
(4306, 'test cron'),
(4307, 'test cron'),
(4308, 'test cron'),
(4309, 'test cron'),
(4310, 'test cron'),
(4311, 'test cron'),
(4312, 'test cron'),
(4313, 'test cron'),
(4314, 'test cron'),
(4315, 'test cron'),
(4316, 'test cron'),
(4317, 'test cron'),
(4318, 'test cron'),
(4319, 'test cron'),
(4320, 'test cron'),
(4321, 'test cron'),
(4322, 'test cron'),
(4323, 'test cron'),
(4324, 'test cron'),
(4325, 'test cron'),
(4326, 'test cron'),
(4327, 'test cron'),
(4328, 'test cron'),
(4329, 'test cron'),
(4330, 'test cron'),
(4331, 'test cron'),
(4332, 'test cron'),
(4333, 'test cron'),
(4334, 'test cron'),
(4335, 'test cron'),
(4336, 'test cron'),
(4337, 'test cron'),
(4338, 'test cron'),
(4339, 'test cron'),
(4340, 'test cron'),
(4341, 'test cron'),
(4342, 'test cron'),
(4343, 'test cron'),
(4344, 'test cron'),
(4345, 'test cron'),
(4346, 'test cron'),
(4347, 'test cron'),
(4348, 'test cron'),
(4349, 'test cron'),
(4350, 'test cron'),
(4351, 'test cron'),
(4352, 'test cron'),
(4353, 'test cron'),
(4354, 'test cron'),
(4355, 'test cron'),
(4356, 'test cron'),
(4357, 'test cron'),
(4358, 'test cron'),
(4359, 'test cron'),
(4360, 'test cron'),
(4361, 'test cron'),
(4362, 'test cron'),
(4363, 'test cron'),
(4364, 'test cron'),
(4365, 'test cron'),
(4366, 'test cron'),
(4367, 'test cron'),
(4368, 'test cron'),
(4369, 'test cron'),
(4370, 'test cron'),
(4371, 'test cron'),
(4372, 'test cron'),
(4373, 'test cron'),
(4374, 'test cron'),
(4375, 'test cron'),
(4376, 'test cron'),
(4377, 'test cron'),
(4378, 'test cron'),
(4379, 'test cron'),
(4380, 'test cron'),
(4381, 'test cron'),
(4382, 'test cron'),
(4383, 'test cron'),
(4384, 'test cron'),
(4385, 'test cron'),
(4386, 'test cron'),
(4387, 'test cron'),
(4388, 'test cron'),
(4389, 'test cron'),
(4390, 'test cron'),
(4391, 'test cron'),
(4392, 'test cron'),
(4393, 'test cron'),
(4394, 'test cron'),
(4395, 'test cron'),
(4396, 'test cron'),
(4397, 'test cron'),
(4398, 'test cron'),
(4399, 'test cron'),
(4400, 'test cron'),
(4401, 'test cron'),
(4402, 'test cron'),
(4403, 'test cron'),
(4404, 'test cron'),
(4405, 'test cron'),
(4406, 'test cron'),
(4407, 'test cron'),
(4408, 'test cron'),
(4409, 'test cron'),
(4410, 'test cron'),
(4411, 'test cron'),
(4412, 'test cron'),
(4413, 'test cron'),
(4414, 'test cron'),
(4415, 'test cron'),
(4416, 'test cron'),
(4417, 'test cron'),
(4418, 'test cron'),
(4419, 'test cron'),
(4420, 'test cron'),
(4421, 'test cron'),
(4422, 'test cron'),
(4423, 'test cron'),
(4424, 'test cron'),
(4425, 'test cron'),
(4426, 'test cron'),
(4427, 'test cron'),
(4428, 'test cron'),
(4429, 'test cron'),
(4430, 'test cron'),
(4431, 'test cron'),
(4432, 'test cron'),
(4433, 'test cron'),
(4434, 'test cron'),
(4435, 'test cron'),
(4436, 'test cron'),
(4437, 'test cron'),
(4438, 'test cron'),
(4439, 'test cron'),
(4440, 'test cron'),
(4441, 'test cron'),
(4442, 'test cron'),
(4443, 'test cron'),
(4444, 'test cron'),
(4445, 'test cron'),
(4446, 'test cron'),
(4447, 'test cron'),
(4448, 'test cron'),
(4449, 'test cron'),
(4450, 'test cron'),
(4451, 'test cron'),
(4452, 'test cron'),
(4453, 'test cron'),
(4454, 'test cron'),
(4455, 'test cron'),
(4456, 'test cron'),
(4457, 'test cron'),
(4458, 'test cron'),
(4459, 'test cron'),
(4460, 'test cron'),
(4461, 'test cron'),
(4462, 'test cron'),
(4463, 'test cron'),
(4464, 'test cron'),
(4465, 'test cron'),
(4466, 'test cron'),
(4467, 'test cron'),
(4468, 'test cron'),
(4469, 'test cron'),
(4470, 'test cron'),
(4471, 'test cron'),
(4472, 'test cron'),
(4473, 'test cron'),
(4474, 'test cron'),
(4475, 'test cron'),
(4476, 'test cron'),
(4477, 'test cron'),
(4478, 'test cron'),
(4479, 'test cron'),
(4480, 'test cron'),
(4481, 'test cron'),
(4482, 'test cron'),
(4483, 'test cron'),
(4484, 'test cron'),
(4485, 'test cron'),
(4486, 'test cron'),
(4487, 'test cron'),
(4488, 'test cron'),
(4489, 'test cron'),
(4490, 'test cron'),
(4491, 'test cron'),
(4492, 'test cron'),
(4493, 'test cron'),
(4494, 'test cron'),
(4495, 'test cron'),
(4496, 'test cron'),
(4497, 'test cron'),
(4498, 'test cron'),
(4499, 'test cron'),
(4500, 'test cron'),
(4501, 'test cron'),
(4502, 'test cron'),
(4503, 'test cron'),
(4504, 'test cron'),
(4505, 'test cron'),
(4506, 'test cron'),
(4507, 'test cron'),
(4508, 'test cron'),
(4509, 'test cron'),
(4510, 'test cron'),
(4511, 'test cron'),
(4512, 'test cron'),
(4513, 'test cron'),
(4514, 'test cron'),
(4515, 'test cron'),
(4516, 'test cron'),
(4517, 'test cron'),
(4518, 'test cron'),
(4519, 'test cron'),
(4520, 'test cron'),
(4521, 'test cron'),
(4522, 'test cron'),
(4523, 'test cron'),
(4524, 'test cron'),
(4525, 'test cron'),
(4526, 'test cron'),
(4527, 'test cron'),
(4528, 'test cron'),
(4529, 'test cron'),
(4530, 'test cron'),
(4531, 'test cron'),
(4532, 'test cron'),
(4533, 'test cron'),
(4534, 'test cron'),
(4535, 'test cron'),
(4536, 'test cron'),
(4537, 'test cron'),
(4538, 'test cron'),
(4539, 'test cron'),
(4540, 'test cron'),
(4541, 'test cron'),
(4542, 'test cron'),
(4543, 'test cron'),
(4544, 'test cron'),
(4545, 'test cron'),
(4546, 'test cron'),
(4547, 'test cron'),
(4548, 'test cron'),
(4549, 'test cron'),
(4550, 'test cron'),
(4551, 'test cron'),
(4552, 'test cron'),
(4553, 'test cron'),
(4554, 'test cron'),
(4555, 'test cron'),
(4556, 'test cron'),
(4557, 'test cron'),
(4558, 'test cron'),
(4559, 'test cron'),
(4560, 'test cron'),
(4561, 'test cron'),
(4562, 'test cron'),
(4563, 'test cron'),
(4564, 'test cron'),
(4565, 'test cron'),
(4566, 'test cron'),
(4567, 'test cron'),
(4568, 'test cron'),
(4569, 'test cron'),
(4570, 'test cron'),
(4571, 'test cron'),
(4572, 'test cron'),
(4573, 'test cron'),
(4574, 'test cron'),
(4575, 'test cron'),
(4576, 'test cron'),
(4577, 'test cron'),
(4578, 'test cron'),
(4579, 'test cron'),
(4580, 'test cron'),
(4581, 'test cron'),
(4582, 'test cron'),
(4583, 'test cron'),
(4584, 'test cron'),
(4585, 'test cron'),
(4586, 'test cron'),
(4587, 'test cron'),
(4588, 'test cron'),
(4589, 'test cron'),
(4590, 'test cron'),
(4591, 'test cron'),
(4592, 'test cron'),
(4593, 'test cron'),
(4594, 'test cron'),
(4595, 'test cron'),
(4596, 'test cron'),
(4597, 'test cron'),
(4598, 'test cron'),
(4599, 'test cron'),
(4600, 'test cron'),
(4601, 'test cron'),
(4602, 'test cron'),
(4603, 'test cron'),
(4604, 'test cron'),
(4605, 'test cron'),
(4606, 'test cron'),
(4607, 'test cron'),
(4608, 'test cron'),
(4609, 'test cron'),
(4610, 'test cron'),
(4611, 'test cron'),
(4612, 'test cron'),
(4613, 'test cron'),
(4614, 'test cron'),
(4615, 'test cron'),
(4616, 'test cron'),
(4617, 'test cron'),
(4618, 'test cron'),
(4619, 'test cron'),
(4620, 'test cron'),
(4621, 'test cron'),
(4622, 'test cron'),
(4623, 'test cron'),
(4624, 'test cron'),
(4625, 'test cron'),
(4626, 'test cron'),
(4627, 'test cron'),
(4628, 'test cron'),
(4629, 'test cron'),
(4630, 'test cron'),
(4631, 'test cron'),
(4632, 'test cron'),
(4633, 'test cron'),
(4634, 'test cron'),
(4635, 'test cron'),
(4636, 'test cron'),
(4637, 'test cron'),
(4638, 'test cron'),
(4639, 'test cron'),
(4640, 'test cron'),
(4641, 'test cron'),
(4642, 'test cron'),
(4643, 'test cron'),
(4644, 'test cron'),
(4645, 'test cron'),
(4646, 'test cron'),
(4647, 'test cron'),
(4648, 'test cron'),
(4649, 'test cron'),
(4650, 'test cron'),
(4651, 'test cron'),
(4652, 'test cron'),
(4653, 'test cron'),
(4654, 'test cron'),
(4655, 'test cron'),
(4656, 'test cron'),
(4657, 'test cron'),
(4658, 'test cron'),
(4659, 'test cron'),
(4660, 'test cron'),
(4661, 'test cron'),
(4662, 'test cron'),
(4663, 'test cron'),
(4664, 'test cron'),
(4665, 'test cron'),
(4666, 'test cron'),
(4667, 'test cron'),
(4668, 'test cron'),
(4669, 'test cron'),
(4670, 'test cron'),
(4671, 'test cron'),
(4672, 'test cron'),
(4673, 'test cron'),
(4674, 'test cron'),
(4675, 'test cron'),
(4676, 'test cron'),
(4677, 'test cron'),
(4678, 'test cron'),
(4679, 'test cron'),
(4680, 'test cron'),
(4681, 'test cron'),
(4682, 'test cron'),
(4683, 'test cron'),
(4684, 'test cron'),
(4685, 'test cron'),
(4686, 'test cron'),
(4687, 'test cron'),
(4688, 'test cron'),
(4689, 'test cron'),
(4690, 'test cron'),
(4691, 'test cron'),
(4692, 'test cron'),
(4693, 'test cron'),
(4694, 'test cron'),
(4695, 'test cron'),
(4696, 'test cron'),
(4697, 'test cron'),
(4698, 'test cron'),
(4699, 'test cron'),
(4700, 'test cron'),
(4701, 'test cron'),
(4702, 'test cron'),
(4703, 'test cron'),
(4704, 'test cron'),
(4705, 'test cron'),
(4706, 'test cron'),
(4707, 'test cron'),
(4708, 'test cron'),
(4709, 'test cron'),
(4710, 'test cron'),
(4711, 'test cron'),
(4712, 'test cron'),
(4713, 'test cron'),
(4714, 'test cron'),
(4715, 'test cron'),
(4716, 'test cron'),
(4717, 'test cron'),
(4718, 'test cron'),
(4719, 'test cron'),
(4720, 'test cron'),
(4721, 'test cron'),
(4722, 'test cron'),
(4723, 'test cron'),
(4724, 'test cron'),
(4725, 'test cron'),
(4726, 'test cron'),
(4727, 'test cron'),
(4728, 'test cron'),
(4729, 'test cron'),
(4730, 'test cron'),
(4731, 'test cron'),
(4732, 'test cron'),
(4733, 'test cron'),
(4734, 'test cron'),
(4735, 'test cron'),
(4736, 'test cron'),
(4737, 'test cron'),
(4738, 'test cron'),
(4739, 'test cron'),
(4740, 'test cron'),
(4741, 'test cron'),
(4742, 'test cron'),
(4743, 'test cron'),
(4744, 'test cron'),
(4745, 'test cron'),
(4746, 'test cron'),
(4747, 'test cron'),
(4748, 'test cron'),
(4749, 'test cron'),
(4750, 'test cron'),
(4751, 'test cron'),
(4752, 'test cron'),
(4753, 'test cron'),
(4754, 'test cron'),
(4755, 'test cron'),
(4756, 'test cron'),
(4757, 'test cron'),
(4758, 'test cron'),
(4759, 'test cron'),
(4760, 'test cron'),
(4761, 'test cron'),
(4762, 'test cron'),
(4763, 'test cron'),
(4764, 'test cron'),
(4765, 'test cron'),
(4766, 'test cron'),
(4767, 'test cron'),
(4768, 'test cron'),
(4769, 'test cron'),
(4770, 'test cron'),
(4771, 'test cron'),
(4772, 'test cron'),
(4773, 'test cron'),
(4774, 'test cron'),
(4775, 'test cron'),
(4776, 'test cron'),
(4777, 'test cron'),
(4778, 'test cron'),
(4779, 'test cron'),
(4780, 'test cron'),
(4781, 'test cron'),
(4782, 'test cron'),
(4783, 'test cron'),
(4784, 'test cron'),
(4785, 'test cron'),
(4786, 'test cron'),
(4787, 'test cron'),
(4788, 'test cron'),
(4789, 'test cron'),
(4790, 'test cron'),
(4791, 'test cron'),
(4792, 'test cron'),
(4793, 'test cron'),
(4794, 'test cron'),
(4795, 'test cron'),
(4796, 'test cron'),
(4797, 'test cron'),
(4798, 'test cron'),
(4799, 'test cron'),
(4800, 'test cron'),
(4801, 'test cron'),
(4802, 'test cron'),
(4803, 'test cron'),
(4804, 'test cron'),
(4805, 'test cron'),
(4806, 'test cron'),
(4807, 'test cron'),
(4808, 'test cron'),
(4809, 'test cron'),
(4810, 'test cron'),
(4811, 'test cron'),
(4812, 'test cron'),
(4813, 'test cron'),
(4814, 'test cron'),
(4815, 'test cron'),
(4816, 'test cron'),
(4817, 'test cron'),
(4818, 'test cron'),
(4819, 'test cron'),
(4820, 'test cron'),
(4821, 'test cron'),
(4822, 'test cron'),
(4823, 'test cron'),
(4824, 'test cron'),
(4825, 'test cron'),
(4826, 'test cron'),
(4827, 'test cron'),
(4828, 'test cron'),
(4829, 'test cron'),
(4830, 'test cron'),
(4831, 'test cron'),
(4832, 'test cron'),
(4833, 'test cron'),
(4834, 'test cron'),
(4835, 'test cron'),
(4836, 'test cron'),
(4837, 'test cron'),
(4838, 'test cron'),
(4839, 'test cron'),
(4840, 'test cron'),
(4841, 'test cron'),
(4842, 'test cron'),
(4843, 'test cron'),
(4844, 'test cron'),
(4845, 'test cron'),
(4846, 'test cron'),
(4847, 'test cron'),
(4848, 'test cron'),
(4849, 'test cron'),
(4850, 'test cron'),
(4851, 'test cron'),
(4852, 'test cron'),
(4853, 'test cron'),
(4854, 'test cron'),
(4855, 'test cron'),
(4856, 'test cron'),
(4857, 'test cron'),
(4858, 'test cron'),
(4859, 'test cron'),
(4860, 'test cron'),
(4861, 'test cron'),
(4862, 'test cron'),
(4863, 'test cron'),
(4864, 'test cron'),
(4865, 'test cron'),
(4866, 'test cron'),
(4867, 'test cron'),
(4868, 'test cron'),
(4869, 'test cron'),
(4870, 'test cron'),
(4871, 'test cron'),
(4872, 'test cron'),
(4873, 'test cron'),
(4874, 'test cron'),
(4875, 'test cron'),
(4876, 'test cron'),
(4877, 'test cron'),
(4878, 'test cron'),
(4879, 'test cron'),
(4880, 'test cron'),
(4881, 'test cron'),
(4882, 'test cron'),
(4883, 'test cron'),
(4884, 'test cron'),
(4885, 'test cron'),
(4886, 'test cron'),
(4887, 'test cron'),
(4888, 'test cron'),
(4889, 'test cron'),
(4890, 'test cron'),
(4891, 'test cron'),
(4892, 'test cron'),
(4893, 'test cron'),
(4894, 'test cron'),
(4895, 'test cron'),
(4896, 'test cron'),
(4897, 'test cron'),
(4898, 'test cron'),
(4899, 'test cron'),
(4900, 'test cron'),
(4901, 'test cron'),
(4902, 'test cron'),
(4903, 'test cron'),
(4904, 'test cron'),
(4905, 'test cron'),
(4906, 'test cron'),
(4907, 'test cron'),
(4908, 'test cron'),
(4909, 'test cron'),
(4910, 'test cron'),
(4911, 'test cron'),
(4912, 'test cron'),
(4913, 'test cron'),
(4914, 'test cron'),
(4915, 'test cron'),
(4916, 'test cron'),
(4917, 'test cron'),
(4918, 'test cron'),
(4919, 'test cron'),
(4920, 'test cron'),
(4921, 'test cron'),
(4922, 'test cron'),
(4923, 'test cron'),
(4924, 'test cron'),
(4925, 'test cron'),
(4926, 'test cron'),
(4927, 'test cron'),
(4928, 'test cron'),
(4929, 'test cron'),
(4930, 'test cron'),
(4931, 'test cron'),
(4932, 'test cron'),
(4933, 'test cron'),
(4934, 'test cron'),
(4935, 'test cron'),
(4936, 'test cron'),
(4937, 'test cron'),
(4938, 'test cron'),
(4939, 'test cron'),
(4940, 'test cron'),
(4941, 'test cron'),
(4942, 'test cron'),
(4943, 'test cron'),
(4944, 'test cron'),
(4945, 'test cron'),
(4946, 'test cron'),
(4947, 'test cron'),
(4948, 'test cron'),
(4949, 'test cron'),
(4950, 'test cron'),
(4951, 'test cron'),
(4952, 'test cron'),
(4953, 'test cron'),
(4954, 'test cron'),
(4955, 'test cron'),
(4956, 'test cron'),
(4957, 'test cron'),
(4958, 'test cron'),
(4959, 'test cron'),
(4960, 'test cron'),
(4961, 'test cron'),
(4962, 'test cron'),
(4963, 'test cron'),
(4964, 'test cron'),
(4965, 'test cron'),
(4966, 'test cron'),
(4967, 'test cron'),
(4968, 'test cron'),
(4969, 'test cron'),
(4970, 'test cron'),
(4971, 'test cron'),
(4972, 'test cron'),
(4973, 'test cron'),
(4974, 'test cron'),
(4975, 'test cron'),
(4976, 'test cron'),
(4977, 'test cron'),
(4978, 'test cron'),
(4979, 'test cron'),
(4980, 'test cron'),
(4981, 'test cron'),
(4982, 'test cron'),
(4983, 'test cron'),
(4984, 'test cron'),
(4985, 'test cron'),
(4986, 'test cron'),
(4987, 'test cron'),
(4988, 'test cron'),
(4989, 'test cron'),
(4990, 'test cron'),
(4991, 'test cron'),
(4992, 'test cron'),
(4993, 'test cron'),
(4994, 'test cron'),
(4995, 'test cron'),
(4996, 'test cron'),
(4997, 'test cron'),
(4998, 'test cron'),
(4999, 'test cron'),
(5000, 'test cron'),
(5001, 'test cron'),
(5002, 'test cron'),
(5003, 'test cron'),
(5004, 'test cron'),
(5005, 'test cron'),
(5006, 'test cron'),
(5007, 'test cron'),
(5008, 'test cron'),
(5009, 'test cron'),
(5010, 'test cron'),
(5011, 'test cron'),
(5012, 'test cron'),
(5013, 'test cron'),
(5014, 'test cron'),
(5015, 'test cron'),
(5016, 'test cron'),
(5017, 'test cron'),
(5018, 'test cron'),
(5019, 'test cron'),
(5020, 'test cron'),
(5021, 'test cron'),
(5022, 'test cron'),
(5023, 'test cron'),
(5024, 'test cron'),
(5025, 'test cron'),
(5026, 'test cron'),
(5027, 'test cron'),
(5028, 'test cron'),
(5029, 'test cron'),
(5030, 'test cron'),
(5031, 'test cron'),
(5032, 'test cron'),
(5033, 'test cron'),
(5034, 'test cron'),
(5035, 'test cron'),
(5036, 'test cron'),
(5037, 'test cron'),
(5038, 'test cron'),
(5039, 'test cron'),
(5040, 'test cron'),
(5041, 'test cron'),
(5042, 'test cron'),
(5043, 'test cron'),
(5044, 'test cron'),
(5045, 'test cron'),
(5046, 'test cron'),
(5047, 'test cron'),
(5048, 'test cron'),
(5049, 'test cron'),
(5050, 'test cron'),
(5051, 'test cron'),
(5052, 'test cron'),
(5053, 'test cron'),
(5054, 'test cron'),
(5055, 'test cron'),
(5056, 'test cron'),
(5057, 'test cron'),
(5058, 'test cron'),
(5059, 'test cron'),
(5060, 'test cron'),
(5061, 'test cron'),
(5062, 'test cron'),
(5063, 'test cron'),
(5064, 'test cron'),
(5065, 'test cron'),
(5066, 'test cron'),
(5067, 'test cron'),
(5068, 'test cron'),
(5069, 'test cron'),
(5070, 'test cron'),
(5071, 'test cron'),
(5072, 'test cron'),
(5073, 'test cron'),
(5074, 'test cron'),
(5075, 'test cron'),
(5076, 'test cron'),
(5077, 'test cron'),
(5078, 'test cron'),
(5079, 'test cron'),
(5080, 'test cron'),
(5081, 'test cron'),
(5082, 'test cron'),
(5083, 'test cron'),
(5084, 'test cron'),
(5085, 'test cron'),
(5086, 'test cron'),
(5087, 'test cron'),
(5088, 'test cron'),
(5089, 'test cron'),
(5090, 'test cron'),
(5091, 'test cron'),
(5092, 'test cron'),
(5093, 'test cron'),
(5094, 'test cron'),
(5095, 'test cron'),
(5096, 'test cron'),
(5097, 'test cron'),
(5098, 'test cron'),
(5099, 'test cron'),
(5100, 'test cron'),
(5101, 'test cron'),
(5102, 'test cron'),
(5103, 'test cron'),
(5104, 'test cron'),
(5105, 'test cron'),
(5106, 'test cron'),
(5107, 'test cron'),
(5108, 'test cron'),
(5109, 'test cron'),
(5110, 'test cron'),
(5111, 'test cron'),
(5112, 'test cron'),
(5113, 'test cron'),
(5114, 'test cron'),
(5115, 'test cron'),
(5116, 'test cron'),
(5117, 'test cron'),
(5118, 'test cron'),
(5119, 'test cron'),
(5120, 'test cron'),
(5121, 'test cron'),
(5122, 'test cron'),
(5123, 'test cron'),
(5124, 'test cron'),
(5125, 'test cron'),
(5126, 'test cron'),
(5127, 'test cron'),
(5128, 'test cron'),
(5129, 'test cron'),
(5130, 'test cron'),
(5131, 'test cron'),
(5132, 'test cron'),
(5133, 'test cron'),
(5134, 'test cron'),
(5135, 'test cron'),
(5136, 'test cron'),
(5137, 'test cron'),
(5138, 'test cron'),
(5139, 'test cron'),
(5140, 'test cron'),
(5141, 'test cron'),
(5142, 'test cron'),
(5143, 'test cron'),
(5144, 'test cron'),
(5145, 'test cron'),
(5146, 'test cron'),
(5147, 'test cron'),
(5148, 'test cron'),
(5149, 'test cron'),
(5150, 'test cron'),
(5151, 'test cron'),
(5152, 'test cron'),
(5153, 'test cron'),
(5154, 'test cron'),
(5155, 'test cron'),
(5156, 'test cron'),
(5157, 'test cron'),
(5158, 'test cron'),
(5159, 'test cron'),
(5160, 'test cron'),
(5161, 'test cron'),
(5162, 'test cron'),
(5163, 'test cron'),
(5164, 'test cron'),
(5165, 'test cron'),
(5166, 'test cron'),
(5167, 'test cron'),
(5168, 'test cron'),
(5169, 'test cron'),
(5170, 'test cron'),
(5171, 'test cron'),
(5172, 'test cron'),
(5173, 'test cron'),
(5174, 'test cron'),
(5175, 'test cron'),
(5176, 'test cron'),
(5177, 'test cron'),
(5178, 'test cron'),
(5179, 'test cron'),
(5180, 'test cron'),
(5181, 'test cron'),
(5182, 'test cron'),
(5183, 'test cron'),
(5184, 'test cron'),
(5185, 'test cron'),
(5186, 'test cron'),
(5187, 'test cron'),
(5188, 'test cron'),
(5189, 'test cron'),
(5190, 'test cron'),
(5191, 'test cron'),
(5192, 'test cron'),
(5193, 'test cron'),
(5194, 'test cron'),
(5195, 'test cron'),
(5196, 'test cron'),
(5197, 'test cron'),
(5198, 'test cron'),
(5199, 'test cron'),
(5200, 'test cron'),
(5201, 'test cron'),
(5202, 'test cron'),
(5203, 'test cron'),
(5204, 'test cron'),
(5205, 'test cron'),
(5206, 'test cron'),
(5207, 'test cron'),
(5208, 'test cron'),
(5209, 'test cron'),
(5210, 'test cron'),
(5211, 'test cron'),
(5212, 'test cron'),
(5213, 'test cron'),
(5214, 'test cron'),
(5215, 'test cron'),
(5216, 'test cron'),
(5217, 'test cron'),
(5218, 'test cron'),
(5219, 'test cron'),
(5220, 'test cron'),
(5221, 'test cron'),
(5222, 'test cron'),
(5223, 'test cron'),
(5224, 'test cron'),
(5225, 'test cron'),
(5226, 'test cron'),
(5227, 'test cron'),
(5228, 'test cron'),
(5229, 'test cron'),
(5230, 'test cron'),
(5231, 'test cron'),
(5232, 'test cron'),
(5233, 'test cron'),
(5234, 'test cron'),
(5235, 'test cron'),
(5236, 'test cron'),
(5237, 'test cron'),
(5238, 'test cron'),
(5239, 'test cron'),
(5240, 'test cron'),
(5241, 'test cron'),
(5242, 'test cron'),
(5243, 'test cron'),
(5244, 'test cron'),
(5245, 'test cron'),
(5246, 'test cron'),
(5247, 'test cron'),
(5248, 'test cron'),
(5249, 'test cron'),
(5250, 'test cron'),
(5251, 'test cron'),
(5252, 'test cron'),
(5253, 'test cron'),
(5254, 'test cron'),
(5255, 'test cron'),
(5256, 'test cron'),
(5257, 'test cron'),
(5258, 'test cron'),
(5259, 'test cron'),
(5260, 'test cron'),
(5261, 'test cron'),
(5262, 'test cron'),
(5263, 'test cron'),
(5264, 'test cron'),
(5265, 'test cron'),
(5266, 'test cron'),
(5267, 'test cron'),
(5268, 'test cron'),
(5269, 'test cron'),
(5270, 'test cron'),
(5271, 'test cron'),
(5272, 'test cron'),
(5273, 'test cron'),
(5274, 'test cron'),
(5275, 'test cron'),
(5276, 'test cron'),
(5277, 'test cron'),
(5278, 'test cron'),
(5279, 'test cron'),
(5280, 'test cron'),
(5281, 'test cron'),
(5282, 'test cron'),
(5283, 'test cron'),
(5284, 'test cron'),
(5285, 'test cron'),
(5286, 'test cron'),
(5287, 'test cron'),
(5288, 'test cron'),
(5289, 'test cron'),
(5290, 'test cron'),
(5291, 'test cron'),
(5292, 'test cron'),
(5293, 'test cron'),
(5294, 'test cron'),
(5295, 'test cron'),
(5296, 'test cron'),
(5297, 'test cron'),
(5298, 'test cron'),
(5299, 'test cron'),
(5300, 'test cron'),
(5301, 'test cron'),
(5302, 'test cron'),
(5303, 'test cron'),
(5304, 'test cron'),
(5305, 'test cron'),
(5306, 'test cron'),
(5307, 'test cron'),
(5308, 'test cron'),
(5309, 'test cron'),
(5310, 'test cron'),
(5311, 'test cron'),
(5312, 'test cron'),
(5313, 'test cron'),
(5314, 'test cron'),
(5315, 'test cron'),
(5316, 'test cron');
INSERT INTO `test` (`id`, `name`) VALUES
(5317, 'test cron'),
(5318, 'test cron'),
(5319, 'test cron'),
(5320, 'test cron'),
(5321, 'test cron'),
(5322, 'test cron'),
(5323, 'test cron'),
(5324, 'test cron'),
(5325, 'test cron'),
(5326, 'test cron'),
(5327, 'test cron'),
(5328, 'test cron'),
(5329, 'test cron'),
(5330, 'test cron'),
(5331, 'test cron'),
(5332, 'test cron'),
(5333, 'test cron'),
(5334, 'test cron'),
(5335, 'test cron'),
(5336, 'test cron'),
(5337, 'test cron'),
(5338, 'test cron'),
(5339, 'test cron'),
(5340, 'test cron'),
(5341, 'test cron'),
(5342, 'test cron'),
(5343, 'test cron'),
(5344, 'test cron'),
(5345, 'test cron'),
(5346, 'test cron'),
(5347, 'test cron'),
(5348, 'test cron'),
(5349, 'test cron'),
(5350, 'test cron'),
(5351, 'test cron'),
(5352, 'test cron'),
(5353, 'test cron'),
(5354, 'test cron'),
(5355, 'test cron'),
(5356, 'test cron'),
(5357, 'test cron'),
(5358, 'test cron'),
(5359, 'test cron'),
(5360, 'test cron'),
(5361, 'test cron'),
(5362, 'test cron'),
(5363, 'test cron'),
(5364, 'test cron'),
(5365, 'test cron'),
(5366, 'test cron'),
(5367, 'test cron'),
(5368, 'test cron'),
(5369, 'test cron'),
(5370, 'test cron'),
(5371, 'test cron'),
(5372, 'test cron'),
(5373, 'test cron'),
(5374, 'test cron'),
(5375, 'test cron'),
(5376, 'test cron'),
(5377, 'test cron'),
(5378, 'test cron'),
(5379, 'test cron'),
(5380, 'test cron'),
(5381, 'test cron'),
(5382, 'test cron'),
(5383, 'test cron'),
(5384, 'test cron'),
(5385, 'test cron'),
(5386, 'test cron'),
(5387, 'test cron'),
(5388, 'test cron'),
(5389, 'test cron'),
(5390, 'test cron'),
(5391, 'test cron'),
(5392, 'test cron'),
(5393, 'test cron'),
(5394, 'test cron'),
(5395, 'test cron'),
(5396, 'test cron'),
(5397, 'test cron'),
(5398, 'test cron'),
(5399, 'test cron'),
(5400, 'test cron'),
(5401, 'test cron'),
(5402, 'test cron'),
(5403, 'test cron'),
(5404, 'test cron'),
(5405, 'test cron'),
(5406, 'test cron'),
(5407, 'test cron'),
(5408, 'test cron'),
(5409, 'test cron'),
(5410, 'test cron'),
(5411, 'test cron'),
(5412, 'test cron'),
(5413, 'test cron'),
(5414, 'test cron'),
(5415, 'test cron'),
(5416, 'test cron'),
(5417, 'test cron'),
(5418, 'test cron'),
(5419, 'test cron'),
(5420, 'test cron'),
(5421, 'test cron'),
(5422, 'test cron'),
(5423, 'test cron'),
(5424, 'test cron'),
(5425, 'test cron'),
(5426, 'test cron'),
(5427, 'test cron'),
(5428, 'test cron'),
(5429, 'test cron'),
(5430, 'test cron'),
(5431, 'test cron'),
(5432, 'test cron'),
(5433, 'test cron'),
(5434, 'test cron'),
(5435, 'test cron'),
(5436, 'test cron'),
(5437, 'test cron'),
(5438, 'test cron'),
(5439, 'test cron'),
(5440, 'test cron'),
(5441, 'test cron'),
(5442, 'test cron'),
(5443, 'test cron'),
(5444, 'test cron'),
(5445, 'test cron'),
(5446, 'test cron'),
(5447, 'test cron'),
(5448, 'test cron'),
(5449, 'test cron'),
(5450, 'test cron'),
(5451, 'test cron'),
(5452, 'test cron'),
(5453, 'test cron'),
(5454, 'test cron'),
(5455, 'test cron'),
(5456, 'test cron'),
(5457, 'test cron'),
(5458, 'test cron'),
(5459, 'test cron'),
(5460, 'test cron'),
(5461, 'test cron'),
(5462, 'test cron'),
(5463, 'test cron'),
(5464, 'test cron'),
(5465, 'test cron'),
(5466, 'test cron'),
(5467, 'test cron'),
(5468, 'test cron'),
(5469, 'test cron'),
(5470, 'test cron'),
(5471, 'test cron'),
(5472, 'test cron'),
(5473, 'test cron'),
(5474, 'test cron'),
(5475, 'test cron'),
(5476, 'test cron'),
(5477, 'test cron'),
(5478, 'test cron'),
(5479, 'test cron'),
(5480, 'test cron'),
(5481, 'test cron'),
(5482, 'test cron'),
(5483, 'test cron'),
(5484, 'test cron'),
(5485, 'test cron'),
(5486, 'test cron'),
(5487, 'test cron'),
(5488, 'test cron'),
(5489, 'test cron'),
(5490, 'test cron'),
(5491, 'test cron'),
(5492, 'test cron'),
(5493, 'test cron'),
(5494, 'test cron'),
(5495, 'test cron'),
(5496, 'test cron'),
(5497, 'test cron'),
(5498, 'test cron'),
(5499, 'test cron'),
(5500, 'test cron'),
(5501, 'test cron'),
(5502, 'test cron'),
(5503, 'test cron'),
(5504, 'test cron'),
(5505, 'test cron'),
(5506, 'test cron'),
(5507, 'test cron'),
(5508, 'test cron'),
(5509, 'test cron'),
(5510, 'test cron'),
(5511, 'test cron'),
(5512, 'test cron'),
(5513, 'test cron'),
(5514, 'test cron'),
(5515, 'test cron'),
(5516, 'test cron'),
(5517, 'test cron'),
(5518, 'test cron'),
(5519, 'test cron'),
(5520, 'test cron'),
(5521, 'test cron'),
(5522, 'test cron'),
(5523, 'test cron'),
(5524, 'test cron'),
(5525, 'test cron'),
(5526, 'test cron'),
(5527, 'test cron'),
(5528, 'test cron'),
(5529, 'test cron'),
(5530, 'test cron'),
(5531, 'test cron'),
(5532, 'test cron'),
(5533, 'test cron'),
(5534, 'test cron'),
(5535, 'test cron'),
(5536, 'test cron'),
(5537, 'test cron'),
(5538, 'test cron'),
(5539, 'test cron'),
(5540, 'test cron'),
(5541, 'test cron'),
(5542, 'test cron'),
(5543, 'test cron'),
(5544, 'test cron'),
(5545, 'test cron'),
(5546, 'test cron'),
(5547, 'test cron'),
(5548, 'test cron'),
(5549, 'test cron'),
(5550, 'test cron'),
(5551, 'test cron'),
(5552, 'test cron'),
(5553, 'test cron'),
(5554, 'test cron'),
(5555, 'test cron'),
(5556, 'test cron'),
(5557, 'test cron'),
(5558, 'test cron'),
(5559, 'test cron'),
(5560, 'test cron'),
(5561, 'test cron'),
(5562, 'test cron'),
(5563, 'test cron'),
(5564, 'test cron'),
(5565, 'test cron'),
(5566, 'test cron'),
(5567, 'test cron'),
(5568, 'test cron'),
(5569, 'test cron'),
(5570, 'test cron'),
(5571, 'test cron'),
(5572, 'test cron'),
(5573, 'test cron'),
(5574, 'test cron'),
(5575, 'test cron'),
(5576, 'test cron'),
(5577, 'test cron'),
(5578, 'test cron'),
(5579, 'test cron'),
(5580, 'test cron'),
(5581, 'test cron'),
(5582, 'test cron'),
(5583, 'test cron'),
(5584, 'test cron'),
(5585, 'test cron'),
(5586, 'test cron'),
(5587, 'test cron'),
(5588, 'test cron'),
(5589, 'test cron'),
(5590, 'test cron'),
(5591, 'test cron'),
(5592, 'test cron'),
(5593, 'test cron'),
(5594, 'test cron'),
(5595, 'test cron'),
(5596, 'test cron'),
(5597, 'test cron'),
(5598, 'test cron'),
(5599, 'test cron'),
(5600, 'test cron'),
(5601, 'test cron'),
(5602, 'test cron'),
(5603, 'test cron'),
(5604, 'test cron'),
(5605, 'test cron'),
(5606, 'test cron'),
(5607, 'test cron'),
(5608, 'test cron'),
(5609, 'test cron'),
(5610, 'test cron'),
(5611, 'test cron'),
(5612, 'test cron'),
(5613, 'test cron'),
(5614, 'test cron'),
(5615, 'test cron'),
(5616, 'test cron'),
(5617, 'test cron'),
(5618, 'test cron'),
(5619, 'test cron'),
(5620, 'test cron'),
(5621, 'test cron'),
(5622, 'test cron'),
(5623, 'test cron'),
(5624, 'test cron'),
(5625, 'test cron'),
(5626, 'test cron'),
(5627, 'test cron'),
(5628, 'test cron'),
(5629, 'test cron'),
(5630, 'test cron'),
(5631, 'test cron'),
(5632, 'test cron'),
(5633, 'test cron'),
(5634, 'test cron'),
(5635, 'test cron'),
(5636, 'test cron'),
(5637, 'test cron'),
(5638, 'test cron'),
(5639, 'test cron'),
(5640, 'test cron'),
(5641, 'test cron'),
(5642, 'test cron'),
(5643, 'test cron'),
(5644, 'test cron'),
(5645, 'test cron'),
(5646, 'test cron'),
(5647, 'test cron'),
(5648, 'test cron'),
(5649, 'test cron'),
(5650, 'test cron'),
(5651, 'test cron'),
(5652, 'test cron'),
(5653, 'test cron'),
(5654, 'test cron'),
(5655, 'test cron'),
(5656, 'test cron'),
(5657, 'test cron'),
(5658, 'test cron'),
(5659, 'test cron'),
(5660, 'test cron'),
(5661, 'test cron'),
(5662, 'test cron'),
(5663, 'test cron'),
(5664, 'test cron'),
(5665, 'test cron'),
(5666, 'test cron'),
(5667, 'test cron'),
(5668, 'test cron'),
(5669, 'test cron'),
(5670, 'test cron'),
(5671, 'test cron'),
(5672, 'test cron'),
(5673, 'test cron'),
(5674, 'test cron'),
(5675, 'test cron'),
(5676, 'test cron'),
(5677, 'test cron'),
(5678, 'test cron'),
(5679, 'test cron'),
(5680, 'test cron'),
(5681, 'test cron'),
(5682, 'test cron'),
(5683, 'test cron'),
(5684, 'test cron'),
(5685, 'test cron'),
(5686, 'test cron'),
(5687, 'test cron'),
(5688, 'test cron'),
(5689, 'test cron'),
(5690, 'test cron'),
(5691, 'test cron'),
(5692, 'test cron'),
(5693, 'test cron'),
(5694, 'test cron'),
(5695, 'test cron'),
(5696, 'test cron'),
(5697, 'test cron'),
(5698, 'test cron'),
(5699, 'test cron'),
(5700, 'test cron'),
(5701, 'test cron'),
(5702, 'test cron'),
(5703, 'test cron'),
(5704, 'test cron'),
(5705, 'test cron'),
(5706, 'test cron'),
(5707, 'test cron'),
(5708, 'test cron'),
(5709, 'test cron'),
(5710, 'test cron'),
(5711, 'test cron'),
(5712, 'test cron'),
(5713, 'test cron'),
(5714, 'test cron'),
(5715, 'test cron'),
(5716, 'test cron'),
(5717, 'test cron'),
(5718, 'test cron'),
(5719, 'test cron'),
(5720, 'test cron'),
(5721, 'test cron'),
(5722, 'test cron'),
(5723, 'test cron'),
(5724, 'test cron'),
(5725, 'test cron'),
(5726, 'test cron'),
(5727, 'test cron'),
(5728, 'test cron'),
(5729, 'test cron'),
(5730, 'test cron'),
(5731, 'test cron'),
(5732, 'test cron'),
(5733, 'test cron'),
(5734, 'test cron'),
(5735, 'test cron'),
(5736, 'test cron'),
(5737, 'test cron'),
(5738, 'test cron'),
(5739, 'test cron'),
(5740, 'test cron'),
(5741, 'test cron'),
(5742, 'test cron'),
(5743, 'test cron'),
(5744, 'test cron'),
(5745, 'test cron'),
(5746, 'test cron'),
(5747, 'test cron'),
(5748, 'test cron'),
(5749, 'test cron'),
(5750, 'test cron'),
(5751, 'test cron'),
(5752, 'test cron'),
(5753, 'test cron'),
(5754, 'test cron'),
(5755, 'test cron'),
(5756, 'test cron'),
(5757, 'test cron'),
(5758, 'test cron'),
(5759, 'test cron'),
(5760, 'test cron'),
(5761, 'test cron'),
(5762, 'test cron'),
(5763, 'test cron'),
(5764, 'test cron'),
(5765, 'test cron'),
(5766, 'test cron'),
(5767, 'test cron'),
(5768, 'test cron'),
(5769, 'test cron'),
(5770, 'test cron'),
(5771, 'test cron'),
(5772, 'test cron'),
(5773, 'test cron'),
(5774, 'test cron'),
(5775, 'test cron'),
(5776, 'test cron'),
(5777, 'test cron'),
(5778, 'test cron'),
(5779, 'test cron'),
(5780, 'test cron'),
(5781, 'test cron'),
(5782, 'test cron'),
(5783, 'test cron'),
(5784, 'test cron'),
(5785, 'test cron'),
(5786, 'test cron'),
(5787, 'test cron'),
(5788, 'test cron'),
(5789, 'test cron'),
(5790, 'test cron'),
(5791, 'test cron'),
(5792, 'test cron'),
(5793, 'test cron'),
(5794, 'test cron'),
(5795, 'test cron'),
(5796, 'test cron'),
(5797, 'test cron'),
(5798, 'test cron'),
(5799, 'test cron'),
(5800, 'test cron'),
(5801, 'test cron'),
(5802, 'test cron'),
(5803, 'test cron'),
(5804, 'test cron'),
(5805, 'test cron'),
(5806, 'test cron'),
(5807, 'test cron'),
(5808, 'test cron'),
(5809, 'test cron'),
(5810, 'test cron'),
(5811, 'test cron'),
(5812, 'test cron'),
(5813, 'test cron'),
(5814, 'test cron'),
(5815, 'test cron'),
(5816, 'test cron'),
(5817, 'test cron'),
(5818, 'test cron'),
(5819, 'test cron'),
(5820, 'test cron'),
(5821, 'test cron'),
(5822, 'test cron'),
(5823, 'test cron'),
(5824, 'test cron'),
(5825, 'test cron'),
(5826, 'test cron'),
(5827, 'test cron'),
(5828, 'test cron'),
(5829, 'test cron'),
(5830, 'test cron'),
(5831, 'test cron'),
(5832, 'test cron'),
(5833, 'test cron'),
(5834, 'test cron'),
(5835, 'test cron'),
(5836, 'test cron'),
(5837, 'test cron'),
(5838, 'test cron'),
(5839, 'test cron'),
(5840, 'test cron'),
(5841, 'test cron'),
(5842, 'test cron'),
(5843, 'test cron'),
(5844, 'test cron'),
(5845, 'test cron'),
(5846, 'test cron'),
(5847, 'test cron'),
(5848, 'test cron'),
(5849, 'test cron'),
(5850, 'test cron'),
(5851, 'test cron'),
(5852, 'test cron'),
(5853, 'test cron'),
(5854, 'test cron'),
(5855, 'test cron'),
(5856, 'test cron'),
(5857, 'test cron'),
(5858, 'test cron'),
(5859, 'test cron'),
(5860, 'test cron'),
(5861, 'test cron'),
(5862, 'test cron'),
(5863, 'test cron'),
(5864, 'test cron'),
(5865, 'test cron'),
(5866, 'test cron'),
(5867, 'test cron'),
(5868, 'test cron'),
(5869, 'test cron'),
(5870, 'test cron'),
(5871, 'test cron'),
(5872, 'test cron'),
(5873, 'test cron'),
(5874, 'test cron'),
(5875, 'test cron'),
(5876, 'test cron'),
(5877, 'test cron'),
(5878, 'test cron'),
(5879, 'test cron'),
(5880, 'test cron'),
(5881, 'test cron'),
(5882, 'test cron'),
(5883, 'test cron'),
(5884, 'test cron'),
(5885, 'test cron'),
(5886, 'test cron'),
(5887, 'test cron'),
(5888, 'test cron'),
(5889, 'test cron'),
(5890, 'test cron'),
(5891, 'test cron'),
(5892, 'test cron'),
(5893, 'test cron'),
(5894, 'test cron'),
(5895, 'test cron'),
(5896, 'test cron'),
(5897, 'test cron'),
(5898, 'test cron'),
(5899, 'test cron'),
(5900, 'test cron'),
(5901, 'test cron'),
(5902, 'test cron'),
(5903, 'test cron'),
(5904, 'test cron'),
(5905, 'test cron'),
(5906, 'test cron'),
(5907, 'test cron'),
(5908, 'test cron'),
(5909, 'test cron'),
(5910, 'test cron'),
(5911, 'test cron'),
(5912, 'test cron'),
(5913, 'test cron'),
(5914, 'test cron'),
(5915, 'test cron'),
(5916, 'test cron'),
(5917, 'test cron'),
(5918, 'test cron'),
(5919, 'test cron'),
(5920, 'test cron'),
(5921, 'test cron'),
(5922, 'test cron'),
(5923, 'test cron'),
(5924, 'test cron'),
(5925, 'test cron'),
(5926, 'test cron'),
(5927, 'test cron'),
(5928, 'test cron'),
(5929, 'test cron'),
(5930, 'test cron'),
(5931, 'test cron'),
(5932, 'test cron'),
(5933, 'test cron'),
(5934, 'test cron'),
(5935, 'test cron'),
(5936, 'test cron'),
(5937, 'test cron'),
(5938, 'test cron'),
(5939, 'test cron'),
(5940, 'test cron'),
(5941, 'test cron'),
(5942, 'test cron'),
(5943, 'test cron'),
(5944, 'test cron'),
(5945, 'test cron'),
(5946, 'test cron'),
(5947, 'test cron'),
(5948, 'test cron'),
(5949, 'test cron'),
(5950, 'test cron'),
(5951, 'test cron'),
(5952, 'test cron'),
(5953, 'test cron'),
(5954, 'test cron'),
(5955, 'test cron'),
(5956, 'test cron'),
(5957, 'test cron'),
(5958, 'test cron'),
(5959, 'test cron'),
(5960, 'test cron'),
(5961, 'test cron'),
(5962, 'test cron'),
(5963, 'test cron'),
(5964, 'test cron'),
(5965, 'test cron'),
(5966, 'test cron'),
(5967, 'test cron'),
(5968, 'test cron'),
(5969, 'test cron'),
(5970, 'test cron'),
(5971, 'test cron'),
(5972, 'test cron'),
(5973, 'test cron'),
(5974, 'test cron'),
(5975, 'test cron'),
(5976, 'test cron'),
(5977, 'test cron'),
(5978, 'test cron'),
(5979, 'test cron'),
(5980, 'test cron'),
(5981, 'test cron'),
(5982, 'test cron'),
(5983, 'test cron'),
(5984, 'test cron'),
(5985, 'test cron'),
(5986, 'test cron'),
(5987, 'test cron'),
(5988, 'test cron'),
(5989, 'test cron'),
(5990, 'test cron'),
(5991, 'test cron'),
(5992, 'test cron'),
(5993, 'test cron'),
(5994, 'test cron'),
(5995, 'test cron'),
(5996, 'test cron'),
(5997, 'test cron'),
(5998, 'test cron'),
(5999, 'test cron'),
(6000, 'test cron'),
(6001, 'test cron'),
(6002, 'test cron'),
(6003, 'test cron'),
(6004, 'test cron'),
(6005, 'test cron'),
(6006, 'test cron'),
(6007, 'test cron'),
(6008, 'test cron'),
(6009, 'test cron'),
(6010, 'test cron'),
(6011, 'test cron'),
(6012, 'test cron'),
(6013, 'test cron'),
(6014, 'test cron'),
(6015, 'test cron'),
(6016, 'test cron'),
(6017, 'test cron'),
(6018, 'test cron'),
(6019, 'test cron'),
(6020, 'test cron'),
(6021, 'test cron'),
(6022, 'test cron'),
(6023, 'test cron'),
(6024, 'test cron'),
(6025, 'test cron'),
(6026, 'test cron'),
(6027, 'test cron'),
(6028, 'test cron'),
(6029, 'test cron'),
(6030, 'test cron'),
(6031, 'test cron'),
(6032, 'test cron'),
(6033, 'test cron'),
(6034, 'test cron'),
(6035, 'test cron'),
(6036, 'test cron'),
(6037, 'test cron'),
(6038, 'test cron'),
(6039, 'test cron'),
(6040, 'test cron'),
(6041, 'test cron'),
(6042, 'test cron'),
(6043, 'test cron'),
(6044, 'test cron'),
(6045, 'test cron'),
(6046, 'test cron'),
(6047, 'test cron'),
(6048, 'test cron'),
(6049, 'test cron'),
(6050, 'test cron'),
(6051, 'test cron'),
(6052, 'test cron'),
(6053, 'test cron'),
(6054, 'test cron'),
(6055, 'test cron'),
(6056, 'test cron'),
(6057, 'test cron'),
(6058, 'test cron'),
(6059, 'test cron'),
(6060, 'test cron'),
(6061, 'test cron'),
(6062, 'test cron'),
(6063, 'test cron'),
(6064, 'test cron'),
(6065, 'test cron'),
(6066, 'test cron'),
(6067, 'test cron'),
(6068, 'test cron'),
(6069, 'test cron'),
(6070, 'test cron'),
(6071, 'test cron'),
(6072, 'test cron'),
(6073, 'test cron'),
(6074, 'test cron'),
(6075, 'test cron'),
(6076, 'test cron'),
(6077, 'test cron'),
(6078, 'test cron'),
(6079, 'test cron'),
(6080, 'test cron'),
(6081, 'test cron'),
(6082, 'test cron'),
(6083, 'test cron'),
(6084, 'test cron'),
(6085, 'test cron'),
(6086, 'test cron'),
(6087, 'test cron'),
(6088, 'test cron'),
(6089, 'test cron'),
(6090, 'test cron'),
(6091, 'test cron'),
(6092, 'test cron'),
(6093, 'test cron'),
(6094, 'test cron'),
(6095, 'test cron'),
(6096, 'test cron'),
(6097, 'test cron'),
(6098, 'test cron'),
(6099, 'test cron'),
(6100, 'test cron'),
(6101, 'test cron'),
(6102, 'test cron'),
(6103, 'test cron'),
(6104, 'test cron'),
(6105, 'test cron'),
(6106, 'test cron'),
(6107, 'test cron'),
(6108, 'test cron'),
(6109, 'test cron'),
(6110, 'test cron'),
(6111, 'test cron'),
(6112, 'test cron'),
(6113, 'test cron'),
(6114, 'test cron'),
(6115, 'test cron'),
(6116, 'test cron'),
(6117, 'test cron'),
(6118, 'test cron'),
(6119, 'test cron'),
(6120, 'test cron'),
(6121, 'test cron'),
(6122, 'test cron'),
(6123, 'test cron'),
(6124, 'test cron'),
(6125, 'test cron'),
(6126, 'test cron'),
(6127, 'test cron'),
(6128, 'test cron'),
(6129, 'test cron'),
(6130, 'test cron'),
(6131, 'test cron'),
(6132, 'test cron'),
(6133, 'test cron'),
(6134, 'test cron'),
(6135, 'test cron'),
(6136, 'test cron'),
(6137, 'test cron'),
(6138, 'test cron'),
(6139, 'test cron'),
(6140, 'test cron'),
(6141, 'test cron'),
(6142, 'test cron'),
(6143, 'test cron'),
(6144, 'test cron'),
(6145, 'test cron'),
(6146, 'test cron'),
(6147, 'test cron'),
(6148, 'test cron'),
(6149, 'test cron'),
(6150, 'test cron'),
(6151, 'test cron'),
(6152, 'test cron'),
(6153, 'test cron'),
(6154, 'test cron'),
(6155, 'test cron'),
(6156, 'test cron'),
(6157, 'test cron'),
(6158, 'test cron'),
(6159, 'test cron'),
(6160, 'test cron'),
(6161, 'test cron'),
(6162, 'test cron'),
(6163, 'test cron'),
(6164, 'test cron'),
(6165, 'test cron'),
(6166, 'test cron'),
(6167, 'test cron'),
(6168, 'test cron'),
(6169, 'test cron'),
(6170, 'test cron'),
(6171, 'test cron'),
(6172, 'test cron'),
(6173, 'test cron'),
(6174, 'test cron'),
(6175, 'test cron'),
(6176, 'test cron'),
(6177, 'test cron'),
(6178, 'test cron'),
(6179, 'test cron'),
(6180, 'test cron'),
(6181, 'test cron'),
(6182, 'test cron'),
(6183, 'test cron'),
(6184, 'test cron'),
(6185, 'test cron'),
(6186, 'test cron'),
(6187, 'test cron'),
(6188, 'test cron'),
(6189, 'test cron'),
(6190, 'test cron'),
(6191, 'test cron'),
(6192, 'test cron'),
(6193, 'test cron'),
(6194, 'test cron'),
(6195, 'test cron'),
(6196, 'test cron'),
(6197, 'test cron'),
(6198, 'test cron'),
(6199, 'test cron'),
(6200, 'test cron'),
(6201, 'test cron'),
(6202, 'test cron'),
(6203, 'test cron'),
(6204, 'test cron'),
(6205, 'test cron'),
(6206, 'test cron'),
(6207, 'test cron'),
(6208, 'test cron'),
(6209, 'test cron'),
(6210, 'test cron'),
(6211, 'test cron'),
(6212, 'test cron'),
(6213, 'test cron'),
(6214, 'test cron'),
(6215, 'test cron'),
(6216, 'test cron'),
(6217, 'test cron'),
(6218, 'test cron'),
(6219, 'test cron'),
(6220, 'test cron'),
(6221, 'test cron'),
(6222, 'test cron'),
(6223, 'test cron'),
(6224, 'test cron'),
(6225, 'test cron'),
(6226, 'test cron'),
(6227, 'test cron'),
(6228, 'test cron'),
(6229, 'test cron'),
(6230, 'test cron'),
(6231, 'test cron'),
(6232, 'test cron'),
(6233, 'test cron'),
(6234, 'test cron'),
(6235, 'test cron'),
(6236, 'test cron'),
(6237, 'test cron'),
(6238, 'test cron'),
(6239, 'test cron'),
(6240, 'test cron'),
(6241, 'test cron'),
(6242, 'test cron'),
(6243, 'test cron'),
(6244, 'test cron'),
(6245, 'test cron'),
(6246, 'test cron'),
(6247, 'test cron'),
(6248, 'test cron'),
(6249, 'test cron'),
(6250, 'test cron'),
(6251, 'test cron'),
(6252, 'test cron'),
(6253, 'test cron'),
(6254, 'test cron'),
(6255, 'test cron'),
(6256, 'test cron'),
(6257, 'test cron'),
(6258, 'test cron'),
(6259, 'test cron'),
(6260, 'test cron'),
(6261, 'test cron'),
(6262, 'test cron'),
(6263, 'test cron'),
(6264, 'test cron'),
(6265, 'test cron'),
(6266, 'test cron'),
(6267, 'test cron'),
(6268, 'test cron'),
(6269, 'test cron'),
(6270, 'test cron'),
(6271, 'test cron'),
(6272, 'test cron'),
(6273, 'test cron'),
(6274, 'test cron'),
(6275, 'test cron'),
(6276, 'test cron'),
(6277, 'test cron'),
(6278, 'test cron'),
(6279, 'test cron'),
(6280, 'test cron'),
(6281, 'test cron'),
(6282, 'test cron'),
(6283, 'test cron'),
(6284, 'test cron'),
(6285, 'test cron'),
(6286, 'test cron'),
(6287, 'test cron'),
(6288, 'test cron'),
(6289, 'test cron'),
(6290, 'test cron'),
(6291, 'test cron'),
(6292, 'test cron'),
(6293, 'test cron'),
(6294, 'test cron'),
(6295, 'test cron'),
(6296, 'test cron'),
(6297, 'test cron'),
(6298, 'test cron'),
(6299, 'test cron'),
(6300, 'test cron'),
(6301, 'test cron'),
(6302, 'test cron'),
(6303, 'test cron'),
(6304, 'test cron'),
(6305, 'test cron'),
(6306, 'test cron'),
(6307, 'test cron'),
(6308, 'test cron'),
(6309, 'test cron'),
(6310, 'test cron'),
(6311, 'test cron'),
(6312, 'test cron'),
(6313, 'test cron'),
(6314, 'test cron'),
(6315, 'test cron'),
(6316, 'test cron'),
(6317, 'test cron'),
(6318, 'test cron'),
(6319, 'test cron'),
(6320, 'test cron'),
(6321, 'test cron'),
(6322, 'test cron'),
(6323, 'test cron'),
(6324, 'test cron'),
(6325, 'test cron'),
(6326, 'test cron'),
(6327, 'test cron'),
(6328, 'test cron'),
(6329, 'test cron'),
(6330, 'test cron'),
(6331, 'test cron'),
(6332, 'test cron'),
(6333, 'test cron'),
(6334, 'test cron'),
(6335, 'test cron'),
(6336, 'test cron'),
(6337, 'test cron'),
(6338, 'test cron'),
(6339, 'test cron'),
(6340, 'test cron'),
(6341, 'test cron'),
(6342, 'test cron'),
(6343, 'test cron'),
(6344, 'test cron'),
(6345, 'test cron'),
(6346, 'test cron'),
(6347, 'test cron'),
(6348, 'test cron'),
(6349, 'test cron'),
(6350, 'test cron'),
(6351, 'test cron'),
(6352, 'test cron'),
(6353, 'test cron'),
(6354, 'test cron'),
(6355, 'test cron'),
(6356, 'test cron'),
(6357, 'test cron'),
(6358, 'test cron'),
(6359, 'test cron'),
(6360, 'test cron'),
(6361, 'test cron'),
(6362, 'test cron'),
(6363, 'test cron'),
(6364, 'test cron'),
(6365, 'test cron'),
(6366, 'test cron'),
(6367, 'test cron'),
(6368, 'test cron'),
(6369, 'test cron'),
(6370, 'test cron'),
(6371, 'test cron'),
(6372, 'test cron'),
(6373, 'test cron'),
(6374, 'test cron'),
(6375, 'test cron'),
(6376, 'test cron'),
(6377, 'test cron'),
(6378, 'test cron'),
(6379, 'test cron'),
(6380, 'test cron'),
(6381, 'test cron'),
(6382, 'test cron'),
(6383, 'test cron'),
(6384, 'test cron'),
(6385, 'test cron'),
(6386, 'test cron'),
(6387, 'test cron'),
(6388, 'test cron'),
(6389, 'test cron'),
(6390, 'test cron'),
(6391, 'test cron'),
(6392, 'test cron'),
(6393, 'test cron'),
(6394, 'test cron'),
(6395, 'test cron'),
(6396, 'test cron'),
(6397, 'test cron'),
(6398, 'test cron'),
(6399, 'test cron'),
(6400, 'test cron'),
(6401, 'test cron'),
(6402, 'test cron'),
(6403, 'test cron'),
(6404, 'test cron'),
(6405, 'test cron'),
(6406, 'test cron'),
(6407, 'test cron'),
(6408, 'test cron');

-- --------------------------------------------------------

--
-- Table structure for table `uang_kategori`
--

CREATE TABLE `uang_kategori` (
  `kategori_id` int(10) NOT NULL,
  `nama` varchar(100) NOT NULL,
  `jenis` varchar(100) NOT NULL,
  `keterangan` varchar(200) NOT NULL
) ENGINE=InnoDB DEFAULT CHARSET=latin1;

--
-- Dumping data for table `uang_kategori`
--

INSERT INTO `uang_kategori` (`kategori_id`, `nama`, `jenis`, `keterangan`) VALUES
(1, 'Pemasukan', 'in', ''),
(2, 'Pengeluaran', 'out', ''),
(8, 'Dana Bos', 'in', ''),
(9, 'iuran rw', 'out', 'iuran rw'),
(10, 'Dari bu nisa', 'in', 'Ekskul'),
(11, 'pemberian dana dari bu nisa', 'out', 'Ekskul'),
(13, 'poto kopy', 'out', 'biaya poto kopy'),
(14, 'pomg', 'out', 'POMG'),
(15, 'beli sapu dan pel', 'out', 'lunas'),
(16, 'pa adin', 'in', 'cicilan ke 3'),
(17, 'Pa Jamal', 'in', 'cicilan ke 1'),
(18, 'pa SAE lunas', 'in', 'lunas'),
(19, 'fc ANBK', 'out', 'lunas'),
(20, 'beli plastik sampah', 'out', 'lunas'),
(21, 'tabungan', 'in', 'tabungan siswa'),
(22, 'buku tabungan', 'in', 'pembelian buku tabungan'),
(23, 'transfer BSi', 'out', 'spp transfer'),
(24, 'gaji', 'out', 'kekurangan Gaji september'),
(25, 'SMP minus', 'out', 'SMP minus'),
(26, 'seragam', 'in', 'seragam'),
(27, 'pembelian atribut pramuka (transfer)', 'out', 'atribut pramuka'),
(28, 'green cleaner', 'out', 'pembelian green cleaner'),
(29, 'futsal', 'out', 'futsal (transfer)'),
(30, 'karate ', 'out', 'karate (transfer)'),
(31, 'ANBK', 'out', 'ANBK'),
(32, 'pa yudi', 'out', 'kekurangan pa yudi tgl 23/8'),
(33, 'jum\'at berkah bu nisa', 'out', 'bu nisa'),
(34, 'pa eko', 'out', 'pa eko'),
(35, 'ambil tabungan', 'out', 'potong tabungan'),
(36, 'pembelian atk', 'out', 'pembelian atk'),
(37, 'kegiatan ', 'out', 'kegiatan maulid'),
(38, 'uang buku ', 'out', 'uang buku'),
(40, 'rapat supervisi', 'out', 'rapat supervisi'),
(41, 'ka qonita', 'out', 'beli kertas a4 + map'),
(42, 'transport', 'out', 'transport '),
(43, 'pembelian bet', 'out', 'pembelian bet nama'),
(44, 'uang kebersamaan rapat supervisi', 'out', 'uang kebersamaan rapat supervisi'),
(45, 'pomg kenta salah ketik', 'out', 'pomg kenta salah ketik'),
(46, 'PELATIHAN GURU', 'out', 'PELATIHAN GURU'),
(47, 'KESISWAAN', 'out', 'KESISWAAN'),
(48, 'EKSKUL', 'out', 'EKSKUL'),
(49, 'BUKU', 'out', 'BUKU'),
(50, 'MAKAN SIANG RAPAT', 'out', 'MAKAN SIANG RAPAT'),
(51, 'obat-obatan UKS', 'out', 'pembelian obat UKS'),
(52, 'formulir pendaftaran siswa baru', 'in', 'formulir'),
(53, 'formulir  siswa baru', 'out', 'formulir siswa baru'),
(54, 'buku agenda', 'in', 'buku agenda'),
(55, 'BIAYA PENDIDIKAN', 'in', 'BIAYA PENDIDIKAN'),
(56, 'AMPLOP UNTUK IMAM SHOLAT JUMAT', 'out', 'AMPLOP UNTUK IMAM SHOLAT JUMAT'),
(57, 'SALAH INPUT', 'out', 'SALAH INPUT'),
(58, 'waxo', 'out', 'waxo'),
(59, 'ARKAS', 'out', 'ARKAS BOS'),
(60, 'MAJALAH TAPEN', 'out', 'MAJALAH TAPEN'),
(61, 'TEKNISI INDIHOME', 'out', 'TEKNISI INDIHOME'),
(62, 'ROYCO', 'out', 'ROYCO KA QONITA'),
(63, 'ANGKUT BARANG DR SD-SMA', 'out', 'ANGKUT BARANG DR SD-SMA'),
(64, 'BELI BEL', 'out', 'BELI BEL'),
(9998, 'pemasukan tabungan', 'out', 'pemasukan tabungan'),
(9999, 'pengeluaran tabungan', 'in', 'pengeluaran tabungan');

-- --------------------------------------------------------

--
-- Table structure for table `uang_masuk_keluar`
--

CREATE TABLE `uang_masuk_keluar` (
  `no` int(10) NOT NULL,
  `tipe` varchar(10) NOT NULL,
  `nama` varchar(100) NOT NULL,
  `keterangan` varchar(200) NOT NULL,
  `jumlah` int(10) NOT NULL,
  `kasir` varchar(100) NOT NULL,
  `kategori_id` int(10) NOT NULL,
  `student_id` int(10) NOT NULL,
  `period_id` int(10) NOT NULL,
  `bebas_id` int(10) NOT NULL,
  `bulanan_id` int(10) NOT NULL,
  `tabungan_id` int(11) NOT NULL,
  `tgl_update` date NOT NULL,
  `tgl_input` date NOT NULL,
  `jenis_pembayaran` enum('cash','transfer') NOT NULL
) ENGINE=InnoDB DEFAULT CHARSET=latin1;

--
-- Dumping data for table `uang_masuk_keluar`
--

INSERT INTO `uang_masuk_keluar` (`no`, `tipe`, `nama`, `keterangan`, `jumlah`, `kasir`, `kategori_id`, `student_id`, `period_id`, `bebas_id`, `bulanan_id`, `tabungan_id`, `tgl_update`, `tgl_input`, `jenis_pembayaran`) VALUES
(902, 'pay', 'FUTSAL T.A 2022/2023 Juli', 'pembayaran bulanan', 2000000, 'argan', 1, 327, 6, 0, 12325, 0, '2022-12-05', '2022-12-05', 'cash'),
(903, 'in', 'Tabungan 12345678 Argan', 'Tabungan 12345678 Argan', 100000, 'argan', 9998, 327, 2022, 0, 0, 11, '2022-12-05', '2022-12-05', 'cash'),
(904, 'in', 'Dana Hibah dari pemerintah', 'Dana Hibah dari pemerintah', 200000, 'argan', 8, 0, 0, 0, 0, 0, '2022-12-05', '2022-12-05', 'cash'),
(905, 'out', 'Biaya Sampah dan  Kemanan', 'Biaya Sampah dan  Kemanan', 300000, 'argan', 9, 0, 0, 0, 0, 0, '2022-12-05', '2022-12-05', 'cash'),
(906, 'pay', 'SPP T.A 2022/2023 Juli', 'pembayaran bulanan', 500000, 'argan', 1, 328, 6, 0, 12373, 0, '2022-12-05', '2022-12-05', 'transfer'),
(907, 'pay', 'SPP T.A 2022/2023 Juli', 'pembayaran bulanan', 500000, 'argan', 1, 328, 6, 0, 12373, 0, '2022-12-05', '2022-12-05', 'transfer');

-- --------------------------------------------------------

--
-- Table structure for table `user`
--

CREATE TABLE `user` (
  `userna_me` varchar(20) NOT NULL,
  `email` varchar(100) NOT NULL,
  `pa_ssword` varchar(70) DEFAULT NULL,
  `nama` varchar(100) DEFAULT NULL,
  `alamat` varchar(255) DEFAULT NULL,
  `nohp` varchar(20) DEFAULT NULL,
  `tgllahir` date DEFAULT NULL,
  `tglaktif` date DEFAULT NULL,
  `jabatan` varchar(20) DEFAULT NULL,
  `avatar` varchar(100) DEFAULT NULL,
  `no` int(11) NOT NULL
) ENGINE=InnoDB DEFAULT CHARSET=latin1;

--
-- Dumping data for table `user`
--

INSERT INTO `user` (`userna_me`, `email`, `pa_ssword`, `nama`, `alamat`, `nohp`, `tgllahir`, `tglaktif`, `jabatan`, `avatar`, `no`) VALUES
('argan', 'argantrian@gmail.com', '10470c3b4b1fed12c3baac014be15fac67c6e815', 'argan', 'Tangerang', '082216218301', '2022-08-26', '2022-08-26', 'admin', 'upload/image/ARGAN.jpg', 29),
('inara', 'inara@gmail.com', '10470c3b4b1fed12c3baac014be15fac67c6e815', 'inara', 'sdasd', '3231231', '2022-08-29', '2022-08-29', 'Karyawan', 'upload/image/placeholder.png', 31);

--
-- Indexes for dumped tables
--

--
-- Indexes for table `backset`
--
ALTER TABLE `backset`
  ADD PRIMARY KEY (`url`);

--
-- Indexes for table `bebasan`
--
ALTER TABLE `bebasan`
  ADD PRIMARY KEY (`no`);

--
-- Indexes for table `bebasan_pay`
--
ALTER TABLE `bebasan_pay`
  ADD PRIMARY KEY (`no`);

--
-- Indexes for table `biaya_admin`
--
ALTER TABLE `biaya_admin`
  ADD PRIMARY KEY (`id`) USING BTREE;

--
-- Indexes for table `bulanan`
--
ALTER TABLE `bulanan`
  ADD PRIMARY KEY (`no`);

--
-- Indexes for table `chmenu`
--
ALTER TABLE `chmenu`
  ADD PRIMARY KEY (`userjabatan`);

--
-- Indexes for table `class`
--
ALTER TABLE `class`
  ADD PRIMARY KEY (`no`);

--
-- Indexes for table `data`
--
ALTER TABLE `data`
  ADD PRIMARY KEY (`no`);

--
-- Indexes for table `events`
--
ALTER TABLE `events`
  ADD PRIMARY KEY (`id`);

--
-- Indexes for table `event_colors`
--
ALTER TABLE `event_colors`
  ADD PRIMARY KEY (`no`);

--
-- Indexes for table `graduation`
--
ALTER TABLE `graduation`
  ADD PRIMARY KEY (`grad_id`);

--
-- Indexes for table `info`
--
ALTER TABLE `info`
  ADD PRIMARY KEY (`id`),
  ADD KEY `id` (`id`);

--
-- Indexes for table `jabatan`
--
ALTER TABLE `jabatan`
  ADD PRIMARY KEY (`kode`),
  ADD KEY `no` (`no`);

--
-- Indexes for table `jenis_bayar`
--
ALTER TABLE `jenis_bayar`
  ADD PRIMARY KEY (`jenis_id`);

--
-- Indexes for table `log_tabungan`
--
ALTER TABLE `log_tabungan`
  ADD PRIMARY KEY (`id`) USING BTREE;

--
-- Indexes for table `master_tabungan`
--
ALTER TABLE `master_tabungan`
  ADD PRIMARY KEY (`id`) USING BTREE;

--
-- Indexes for table `months`
--
ALTER TABLE `months`
  ADD PRIMARY KEY (`month_id`);

--
-- Indexes for table `pembayaran_midtrans`
--
ALTER TABLE `pembayaran_midtrans`
  ADD PRIMARY KEY (`id`) USING BTREE;

--
-- Indexes for table `periode`
--
ALTER TABLE `periode`
  ADD PRIMARY KEY (`no`);

--
-- Indexes for table `pin`
--
ALTER TABLE `pin`
  ADD PRIMARY KEY (`ubah`);

--
-- Indexes for table `pos_bayar`
--
ALTER TABLE `pos_bayar`
  ADD PRIMARY KEY (`id`);

--
-- Indexes for table `rekening`
--
ALTER TABLE `rekening`
  ADD PRIMARY KEY (`no`);

--
-- Indexes for table `student`
--
ALTER TABLE `student`
  ADD PRIMARY KEY (`student_id`),
  ADD KEY `fk_student_class1_idx` (`kelas_id`),
  ADD KEY `fk_student_majors1_idx` (`jurusan`);

--
-- Indexes for table `student_alumni`
--
ALTER TABLE `student_alumni`
  ADD PRIMARY KEY (`student_id`),
  ADD KEY `fk_student_class1_idx` (`kelas_id`),
  ADD KEY `fk_student_majors1_idx` (`jurusan`);

--
-- Indexes for table `test`
--
ALTER TABLE `test`
  ADD PRIMARY KEY (`id`) USING BTREE;

--
-- Indexes for table `uang_kategori`
--
ALTER TABLE `uang_kategori`
  ADD PRIMARY KEY (`kategori_id`);

--
-- Indexes for table `uang_masuk_keluar`
--
ALTER TABLE `uang_masuk_keluar`
  ADD PRIMARY KEY (`no`);

--
-- Indexes for table `user`
--
ALTER TABLE `user`
  ADD PRIMARY KEY (`userna_me`),
  ADD KEY `no` (`no`);

--
-- AUTO_INCREMENT for dumped tables
--

--
-- AUTO_INCREMENT for table `bebasan`
--
ALTER TABLE `bebasan`
  MODIFY `no` int(10) NOT NULL AUTO_INCREMENT, AUTO_INCREMENT=35;

--
-- AUTO_INCREMENT for table `bebasan_pay`
--
ALTER TABLE `bebasan_pay`
  MODIFY `no` int(10) NOT NULL AUTO_INCREMENT, AUTO_INCREMENT=10;

--
-- AUTO_INCREMENT for table `biaya_admin`
--
ALTER TABLE `biaya_admin`
  MODIFY `id` bigint(20) UNSIGNED NOT NULL AUTO_INCREMENT, AUTO_INCREMENT=2;

--
-- AUTO_INCREMENT for table `bulanan`
--
ALTER TABLE `bulanan`
  MODIFY `no` int(10) NOT NULL AUTO_INCREMENT, AUTO_INCREMENT=12433;

--
-- AUTO_INCREMENT for table `class`
--
ALTER TABLE `class`
  MODIFY `no` int(10) NOT NULL AUTO_INCREMENT, AUTO_INCREMENT=41;

--
-- AUTO_INCREMENT for table `events`
--
ALTER TABLE `events`
  MODIFY `id` int(11) NOT NULL AUTO_INCREMENT, AUTO_INCREMENT=9;

--
-- AUTO_INCREMENT for table `event_colors`
--
ALTER TABLE `event_colors`
  MODIFY `no` int(10) NOT NULL AUTO_INCREMENT, AUTO_INCREMENT=12;

--
-- AUTO_INCREMENT for table `graduation`
--
ALTER TABLE `graduation`
  MODIFY `grad_id` int(10) NOT NULL AUTO_INCREMENT;

--
-- AUTO_INCREMENT for table `info`
--
ALTER TABLE `info`
  MODIFY `id` int(11) NOT NULL AUTO_INCREMENT, AUTO_INCREMENT=2;

--
-- AUTO_INCREMENT for table `jabatan`
--
ALTER TABLE `jabatan`
  MODIFY `no` int(11) NOT NULL AUTO_INCREMENT, AUTO_INCREMENT=34;

--
-- AUTO_INCREMENT for table `jenis_bayar`
--
ALTER TABLE `jenis_bayar`
  MODIFY `jenis_id` int(10) NOT NULL AUTO_INCREMENT, AUTO_INCREMENT=27;

--
-- AUTO_INCREMENT for table `log_tabungan`
--
ALTER TABLE `log_tabungan`
  MODIFY `id` bigint(20) UNSIGNED NOT NULL AUTO_INCREMENT, AUTO_INCREMENT=12;

--
-- AUTO_INCREMENT for table `master_tabungan`
--
ALTER TABLE `master_tabungan`
  MODIFY `id` bigint(20) UNSIGNED NOT NULL AUTO_INCREMENT, AUTO_INCREMENT=11;

--
-- AUTO_INCREMENT for table `months`
--
ALTER TABLE `months`
  MODIFY `month_id` int(11) NOT NULL AUTO_INCREMENT, AUTO_INCREMENT=13;

--
-- AUTO_INCREMENT for table `periode`
--
ALTER TABLE `periode`
  MODIFY `no` int(10) NOT NULL AUTO_INCREMENT, AUTO_INCREMENT=7;

--
-- AUTO_INCREMENT for table `pos_bayar`
--
ALTER TABLE `pos_bayar`
  MODIFY `id` int(10) NOT NULL AUTO_INCREMENT, AUTO_INCREMENT=28;

--
-- AUTO_INCREMENT for table `rekening`
--
ALTER TABLE `rekening`
  MODIFY `no` int(10) NOT NULL AUTO_INCREMENT, AUTO_INCREMENT=5;

--
-- AUTO_INCREMENT for table `student`
--
ALTER TABLE `student`
  MODIFY `student_id` int(11) NOT NULL AUTO_INCREMENT, AUTO_INCREMENT=331;

--
-- AUTO_INCREMENT for table `student_alumni`
--
ALTER TABLE `student_alumni`
  MODIFY `student_id` int(11) NOT NULL AUTO_INCREMENT, AUTO_INCREMENT=8;

--
-- AUTO_INCREMENT for table `test`
--
ALTER TABLE `test`
  MODIFY `id` bigint(20) UNSIGNED NOT NULL AUTO_INCREMENT, AUTO_INCREMENT=6409;

--
-- AUTO_INCREMENT for table `uang_kategori`
--
ALTER TABLE `uang_kategori`
  MODIFY `kategori_id` int(10) NOT NULL AUTO_INCREMENT, AUTO_INCREMENT=10000;

--
-- AUTO_INCREMENT for table `uang_masuk_keluar`
--
ALTER TABLE `uang_masuk_keluar`
  MODIFY `no` int(10) NOT NULL AUTO_INCREMENT, AUTO_INCREMENT=908;

--
-- AUTO_INCREMENT for table `user`
--
ALTER TABLE `user`
  MODIFY `no` int(11) NOT NULL AUTO_INCREMENT, AUTO_INCREMENT=32;
COMMIT;

/*!40101 SET CHARACTER_SET_CLIENT=@OLD_CHARACTER_SET_CLIENT */;
/*!40101 SET CHARACTER_SET_RESULTS=@OLD_CHARACTER_SET_RESULTS */;
/*!40101 SET COLLATION_CONNECTION=@OLD_COLLATION_CONNECTION */;
